title,date,type
"Studienpräsentation ""Mobilitätswende produzieren"".",27.05.2024,Eingeladener Vortrag an anderen Institutionen
Konversionsstrategien in der Landwirtschaft: Agrarische sozial-ökologische Transformation und die Landwirte,26.02.2024,Eingeladener Vortrag an anderen Institutionen
Herausforderungen für eine Wirtschaft im 21. Jahrhundert,06.02.2024,Eingeladener Vortrag an anderen Institutionen
Herausforderungen für eine Wirtschaft im 21. Jahrhundert,19.12.2023,Eingeladener Vortrag an anderen Institutionen
Sozialökologische Transformation braucht andere Wirtschaft,14.12.2023,Eingeladener Vortrag an anderen Institutionen
Welche Wirtschaft(swissenschaft) braucht Sozialökologische Transformation?,14.12.2023,Eingeladener Vortrag an anderen Institutionen
Konsequenzen der Wettbewerbsorientierung von und an Universitäten,14.11.2023,Eingeladener Vortrag an anderen Institutionen
Implicit and explicit rules of competition,08.11.2023,Eingeladener Vortrag an anderen Institutionen
Can a European wealth tax close the green investment gap?,08.09.2023,Eingeladener Vortrag an anderen Institutionen
Netzwerke der Superreichen in Österreich,01.08.2023,Eingeladener Vortrag an anderen Institutionen
Herausforderungen für eine Wirtschaft im 21. Jahrhundert,20.06.2023,Eingeladener Vortrag an anderen Institutionen
Sustainable Socio-Economic Transition and Economic Reasoning,16.06.2023,Eingeladener Vortrag an anderen Institutionen
Wirtschaft anders denken? – Der Beitrag einer pluralen Ökonomie,04.05.2023,Eingeladener Vortrag an anderen Institutionen
Herausforderungen für eine Wirtschaft im 21. Jahrhundert,17.04.2023,Eingeladener Vortrag an anderen Institutionen
Herausforderungen für eine Wirtschaft im 21. Jahrhundert,30.03.2023,Eingeladener Vortrag an anderen Institutionen
Wettbewerb in der Wissenschaft,16.03.2023,Eingeladener Vortrag an anderen Institutionen
Wissenschaft und Wettbewerb,16.03.2023,Eingeladener Vortrag an anderen Institutionen
What economic education is missing: the real world,07.03.2023,Eingeladener Vortrag an anderen Institutionen
Power and Influence of Economists: Contributions to the Social Studies of Economics,09.02.2023,Eingeladener Vortrag an anderen Institutionen
Rethinking the economy – The contribution of pluralist economics,06.02.2023,Eingeladener Vortrag an anderen Institutionen
Wirtschaft anders denken! Was ist plurale Ökonomik?,05.02.2023,Eingeladener Vortrag an anderen Institutionen
Arbeitsbeziehungen im Wandel. Der Effekt von Digitalisierung auf die Ausgestaltung von Arbeitsverträgen und Kooperation,25.11.2022,Eingeladener Vortrag an anderen Institutionen
Konsequenzen der Wettbewerbsorientierung von und an Universitäten,16.11.2022,Eingeladener Vortrag an anderen Institutionen
Verzerrte Expertise. Zur (Frei)handelsdebatte in den Wirtschaftswissenschaften,12.11.2022,Eingeladener Vortrag an anderen Institutionen
Pluralismus in der Ökonomie (und die Klimafrage),02.11.2022,Eingeladener Vortrag an anderen Institutionen
Neoliberale Think Tanks und ihre Verbindungen zu Reichen-Netzwerken,17.10.2022,Eingeladener Vortrag an anderen Institutionen
Reichennetzwerke in Österreich,14.07.2022,Eingeladener Vortrag an anderen Institutionen
Herausforderungen für eine Wirtschaft im 21. Jahrhundert,29.06.2022,Eingeladener Vortrag an anderen Institutionen
Konsequenzen der Wettbewerbsorientierung von und an Universitäten,25.06.2022,Eingeladener Vortrag an anderen Institutionen
The political economy of academic publishing: On the commodification of a public good,13.05.2022,Eingeladener Vortrag an anderen Institutionen
Universitäten und Forschung im Wettbewerb,29.04.2022,Eingeladener Vortrag an anderen Institutionen
Competition in Transitional Processes: Polanyi & Schumpeter,10.01.2022,Eingeladener Vortrag an anderen Institutionen
The political importance of technical details in the European Semester,29.11.2021,Eingeladener Vortrag an anderen Institutionen
Fiscal policy and the Covid-19 crisis,24.11.2021,Eingeladener Vortrag an anderen Institutionen
Budgetpolitik im Kontext der Covid-19-Krise,12.10.2021,Eingeladener Vortrag an anderen Institutionen
Budgetpolitik im Kontext der Covid-19-Krise,12.10.2021,Eingeladener Vortrag an anderen Institutionen
How to reform the EU’s fiscal rules?,30.09.2021,Eingeladener Vortrag an anderen Institutionen
"A European Wealth Tax? Context, methods, revenues",28.09.2021,Eingeladener Vortrag an anderen Institutionen
Italy myths and the future of Europe,23.09.2021,Eingeladener Vortrag an anderen Institutionen
Neoliberale Denkmuster als Basis des degressiven Arbeitslosengeldes,18.09.2021,Eingeladener Vortrag an anderen Institutionen
A European Wealth Tax,07.09.2021,Eingeladener Vortrag an anderen Institutionen
How should we deal with the budgetary costs due to the Covid-19 crisis?,25.08.2021,Eingeladener Vortrag an anderen Institutionen
Why the fiscal rules should be reformed: Output gap estimates and fiscal policy in Italy,12.07.2021,Eingeladener Vortrag an anderen Institutionen
Heterodox Economics and Economic Criticism,08.07.2021,Eingeladener Vortrag an anderen Institutionen
Italy and Europe will rise or fall together Participation in a panel discussion,24.06.2021,Eingeladener Vortrag an anderen Institutionen
Italy - Europe’s basket case?,15.06.2021,Eingeladener Vortrag an anderen Institutionen
Fiskalpolitik und europäischer Integrationsprozess,11.05.2021,Eingeladener Vortrag an anderen Institutionen
Corona-Krise und EU-Wiederaufbauplan: Ein ‚fiskalpolitischer Durchbruch‘ für Europa?,20.02.2021,Eingeladener Vortrag an anderen Institutionen
Outputlücken-Schätzungen und Fiskalpolitik im Kontext der Covid19-Krise,18.02.2021,Eingeladener Vortrag an anderen Institutionen
Past and future of pluralism in economics,29.01.2021,Eingeladener Vortrag an anderen Institutionen
Nach „Koste es was es wolle“: Eine neue Ära in der Ökonomie?,27.01.2021,Eingeladener Vortrag an anderen Institutionen
"Country capabilities, product complexity and finance in the EU",05.01.2021,Eingeladener Vortrag an anderen Institutionen
Der Feind im Inneren – Das alte Dilemma des Liberalismus,04.12.2019,Eingeladener Vortrag an anderen Institutionen
Gesellschaftliche Verantwortung der Wissenschaft,21.11.2019,Eingeladener Vortrag an anderen Institutionen
Funktionale Konstrukte von Bevölkerung im Kontext der „Agrar- versus Industriestaatsdebatte,28.10.2019,Eingeladener Vortrag an anderen Institutionen
Paradigmen und Politik. Bestandsaufnahme der deutschen Ökonomik im Vergleich zu den USA,22.02.2019,Eingeladener Vortrag an anderen Institutionen
Freiheitliche Flügelkämpfe? (Historische) Konfliktlinien in der FPÖ,18.12.2018,Eingeladener Vortrag an anderen Institutionen
"Country capabilities, product complexity, and finance in the EU:  An AB-SFC multi country model for policy analysis",15.11.2018,Eingeladener Vortrag an anderen Institutionen
Machtstrukturen Neoliberaler Think Tanks,15.10.2018,Eingeladener Vortrag an anderen Institutionen
Widersprüche in der Ökonomie,24.08.2018,Eingeladener Vortrag an anderen Institutionen
Performativität und Ökonomik – Worum sorgen sich Ökonom*innen?,21.06.2018,Eingeladener Vortrag an anderen Institutionen
Verteilungsgerechtigkeit im Familienrecht: Eine philosophische Perspektive,07.06.2018,Eingeladener Vortrag an anderen Institutionen
Fiscal policies in international perspective,05.06.2018,Eingeladener Vortrag an anderen Institutionen
"10 Jahre Krise: Neoliberale Denkmuster, wirtschaftspolitische Debatten und der Einfluss von Think Tanks",09.02.2018,Eingeladener Vortrag an anderen Institutionen
Österreichs Staatsausgabenstrukturen im europäischen Vergleich,10.01.2018,Eingeladener Vortrag an anderen Institutionen
Ordoliberale Netzwerke und ihre Wirkmächtigkeit,10.10.2017,Eingeladener Vortrag an anderen Institutionen
"Agenten, Auktionen, Ausschreibungen: Von Nobelpreisen und Vergabeverfahren",13.09.2017,Eingeladener Vortrag an anderen Institutionen
The Political Economy of Bank Regulatory Evasion,06.09.2017,Eingeladener Vortrag an anderen Institutionen
MigrantInnen als Zielgruppe der österreichischen Gewerkschaftsbewegung,14.06.2017,Eingeladener Vortrag an anderen Institutionen
"Moralität, Wettbewerb und internationaler Handel: Eine europäische Perspektive",04.04.2017,Eingeladener Vortrag an anderen Institutionen
Wohlstandsorientierte Politik: Möglichkeiten für eine gesellschaftliche Verankerung?,16.03.2017,Eingeladener Vortrag an anderen Institutionen
Der Kapitalismus und die schöne neue Welt: Eine ambivalente Beziehung,11.10.2016,Eingeladener Vortrag an anderen Institutionen
"Netzwerke, Paradigmen, Attitüden - Der deutsche Sonderweg im Fokus",27.09.2016,Eingeladener Vortrag an anderen Institutionen
"Netzwerke, Paradigmen, Attitüden - Der deutsche Sonderweg im Fokus",27.09.2016,Eingeladener Vortrag an anderen Institutionen
Wie denken zukünftige Ökonom_innen?,27.09.2016,Eingeladener Vortrag an anderen Institutionen
Vortrag und Workshop zur Finanzkrise und deren wirtschaftspolitischen Folgen,01.03.2016,Eingeladener Vortrag an anderen Institutionen
Wie liberal ist der Neoliberalismus?,23.02.2016,Eingeladener Vortrag an anderen Institutionen
Geschichte und Praxis der Austeritätspolitik,05.02.2016,Eingeladener Vortrag an anderen Institutionen
Humanistische Handelspolitik und inklusives Wachstum,26.01.2016,Eingeladener Vortrag an anderen Institutionen
Workshop zu: Philosophien der Verteilungsgerechtigkeit,07.01.2016,Eingeladener Vortrag an anderen Institutionen
Workshop zu: Philosophien der Verteilungsgerechtigkeit,17.11.2015,Eingeladener Vortrag an anderen Institutionen
Zum performativen Fußabdruck der ÖkonomInnen 1955-1992,07.09.2015,Eingeladener Vortrag an anderen Institutionen
Some implications of traditional philosophy for current economics,03.09.2015,Eingeladener Vortrag an anderen Institutionen
MigrantInnen als Zielgruppe?,20.05.2015,Eingeladener Vortrag an anderen Institutionen
The crisis as a game changer? Der Einfluss der Krise auf die Entwicklung ökonomischer Forschung [The crisis and the development of economic research],22.04.2015,Eingeladener Vortrag an anderen Institutionen
Zum Entstehen und „Vergehen“ der deutschen universitären Agrarsoziologie,20.03.2015,Eingeladener Vortrag an anderen Institutionen
Krise der Wirtschaftswissenschaften - Chancen für eine plurale Ökonomik?,23.02.2015,Eingeladener Vortrag an anderen Institutionen
Internationaler Freihandel auf Basis komparativer Kostenvorteile? - zu Theorie und Praxis eines Versprechens,24.11.2014,Eingeladener Vortrag an anderen Institutionen
"Wirtschaftspolitik, Verteilungsgerechtigkeit und Demokratie",07.11.2014,Eingeladener Vortrag an anderen Institutionen
ÖkonomInnen in der Finanzkrise - Wie performativ ist Wissenschaft,19.10.2014,Eingeladener Vortrag an anderen Institutionen
Die Verteilung von Einkommen und Vermögen in Europa und International,10.09.2014,Eingeladener Vortrag an anderen Institutionen
Workshop: Einführung in die Komplexitätsökonomik,09.08.2014,Eingeladener Vortrag an anderen Institutionen
Podiumsdiskussion zum Film Too big to Tell von Johanna Tschautscher,09.07.2014,Eingeladener Vortrag an anderen Institutionen
Ökonomische Theorie und öffentliche Meinung,09.07.2014,Eingeladener Vortrag an anderen Institutionen
Europäische Agrarpolitik – eine kritische Sicht,14.04.2014,Eingeladener Vortrag an anderen Institutionen
Der Papst als Kritiker des Wirtschaftssystems,29.03.2014,Eingeladener Vortrag an anderen Institutionen
Demokratie und Finanzkapitalismus,04.02.2014,Eingeladener Vortrag an anderen Institutionen
Die Funktionslogik von Think-Tanks in neoliberalen Machtapparaten,04.02.2014,Eingeladener Vortrag an anderen Institutionen
Möglichkeiten zur Bürgerbeteiligung in Vorchdorf,09.12.2013,Eingeladener Vortrag an anderen Institutionen
"ÖkonomInnen in der Finanzkrise - Diskurse, Netzwerke, Initiativen",05.12.2013,Eingeladener Vortrag an anderen Institutionen
Möglichkeiten vom Bürgerbeteiligungsmodellen in Mehrheits- und Minderheitsgemeinden,28.11.2013,Eingeladener Vortrag an anderen Institutionen
Was ist eigentlich liberal?,06.11.2013,Eingeladener Vortrag an anderen Institutionen
Bürgerbeteiligungsmodelle,07.10.2013,Eingeladener Vortrag an anderen Institutionen
Bürgerbeteiligungsmodelle,29.08.2013,Eingeladener Vortrag an anderen Institutionen
Möglichkeiten zur Bürgerbeteiligung in Steyr,28.08.2013,Eingeladener Vortrag an anderen Institutionen
Möglichkeiten vom Bürgerbeteiligungsmodellen in Mehrheits- und Minderheitsgemeinden,01.07.2013,Eingeladener Vortrag an anderen Institutionen
Bürgerbeteiligungsmodelle,12.06.2013,Eingeladener Vortrag an anderen Institutionen
Was ist Demokratie?,24.04.2013,Eingeladener Vortrag an anderen Institutionen
Bankenrettungen,10.02.2013,Eingeladener Vortrag an anderen Institutionen
Think-Tanks und die Institutionen der EU. Eine kritische Analyse aus demokratietheoretischer Sicht,08.07.2012,Eingeladener Vortrag an anderen Institutionen
Geschichte und Ausprägungen des Neoliberalismus,18.06.2012,Eingeladener Vortrag an anderen Institutionen
Ausgeliefert? Aufgaben und Chancen der Politik angesichts der 'Macht der Märkte' und einer ausgehöhlten Demokratie,31.05.2012,Eingeladener Vortrag an anderen Institutionen
Moderation zu Werner Rügemer: Ratingagenturen,11.05.2012,Eingeladener Vortrag an anderen Institutionen
Muss Forschung ökonomisch sein? CityScienceTalk der Langen Nacht der Forschung,27.04.2012,Eingeladener Vortrag an anderen Institutionen
"Moderation zum Vortrag ""Wem gehört die Welt? Zur Wiederentdeckung der Gemeingüter"" von Silke Helfrich",21.03.2012,Eingeladener Vortrag an anderen Institutionen
"Staatsschulden: Wer ist schuld, wer zahlt?",19.03.2012,Eingeladener Vortrag an anderen Institutionen
"Moderation zum Vortrag ""West-End. Das Scheitern der Moderne als kapitalistisches Patriarchat und die Logik der Alternativen von Univ.Prof. Claudia von Werlhof",14.03.2012,Eingeladener Vortrag an anderen Institutionen
Podiumsdiskussion aus Anlass des 90. Geburtstages von Prof. Kazimierz Laski,06.12.2011,Eingeladener Vortrag an anderen Institutionen
"Retten wir €uropa! Die Frage ist nur, wie?",28.11.2011,Eingeladener Vortrag an anderen Institutionen
Wer ist schuld an der Staatsschuld?,07.11.2011,Eingeladener Vortrag an anderen Institutionen
Arbeit bei Marx,14.10.2011,Eingeladener Vortrag an anderen Institutionen
Das Performativity-Konzept und seine soziologietheoretische Fundierung,05.10.2011,Eingeladener Vortrag an anderen Institutionen
Kapitalismus und Moral,23.02.2011,Eingeladener Vortrag an anderen Institutionen
Das neoklassische Freihandelsmodell - Fundament für Entwicklungszusammenarbeit oder Zementierung globaler Ungleichheiten?,22.10.2010,Eingeladener Vortrag an anderen Institutionen
Historie der professoralen Agrarökonomen Deutschlands 1933 – 1955,24.06.2010,Eingeladener Vortrag an anderen Institutionen
Globale Wirtschaft - Globale Krise,22.02.2010,Eingeladener Vortrag an anderen Institutionen
Dem Volk auf's Maul g'schaut? - Politische Sprache in der aktuellen Asyldebatte,28.01.2010,Eingeladener Vortrag an anderen Institutionen
Preistheorien und Preisgestaltung – eine systematisierende Hinterfragung (Beispiel Milchmarkt und Milchmarktregelungen).,03.03.2009,Eingeladener Vortrag an anderen Institutionen
Why are there so many power laws in economics?,06.10.2023,Hauptvortrag / Eingeladener Vortrag auf einer Tagung
Socio-ecological transition for the sustainable development of well-being,13.10.2022,Hauptvortrag / Eingeladener Vortrag auf einer Tagung
Networks of the super-rich in Austria,10.10.2022,Hauptvortrag / Eingeladener Vortrag auf einer Tagung
Wirtschaft anders denken! Was ist plurale Ökonomik?,30.09.2022,Hauptvortrag / Eingeladener Vortrag auf einer Tagung
Applied economic methodology: oxymoron or ideal?,29.09.2022,Hauptvortrag / Eingeladener Vortrag auf einer Tagung
Das Menschenbild moderner Ökonomie,25.05.2022,Hauptvortrag / Eingeladener Vortrag auf einer Tagung
Dilemmata marktliberaler Globalisierung,09.03.2022,Hauptvortrag / Eingeladener Vortrag auf einer Tagung
Konsequenzen der Wettbewerbsorientierung von und an Universitäten: Eine Perspektive der interdisziplinären Wettbewerbsforschung,28.01.2022,Hauptvortrag / Eingeladener Vortrag auf einer Tagung
What is heterodox economics?,27.10.2021,Hauptvortrag / Eingeladener Vortrag auf einer Tagung
Economic Polarization in Europe,09.10.2021,Hauptvortrag / Eingeladener Vortrag auf einer Tagung
Structural Change in times of increasing openness,08.10.2021,Hauptvortrag / Eingeladener Vortrag auf einer Tagung
Pluralism in economics,07.10.2021,Hauptvortrag / Eingeladener Vortrag auf einer Tagung
Comments on “Can the state be a good investor?”,06.07.2021,Hauptvortrag / Eingeladener Vortrag auf einer Tagung
German neoliberalism in crisis?,18.03.2021,Hauptvortrag / Eingeladener Vortrag auf einer Tagung
Komplexitätsökonomik - ein Teaser,05.01.2021,Hauptvortrag / Eingeladener Vortrag auf einer Tagung
Past and future of pluralism in economics,23.11.2020,Hauptvortrag / Eingeladener Vortrag auf einer Tagung
Which are the most inspiring economic questions of our time?,11.11.2020,Hauptvortrag / Eingeladener Vortrag auf einer Tagung
Refeudalisierung als Gefahr für die Demokratie,10.03.2020,Hauptvortrag / Eingeladener Vortrag auf einer Tagung
Neoliberalismus und „Rechtspopulismus“ Analogien und Widersprüche,19.12.2019,Hauptvortrag / Eingeladener Vortrag auf einer Tagung
Wirtschaftliche Polarisierung in Europa,05.12.2019,Hauptvortrag / Eingeladener Vortrag auf einer Tagung
Getting the best of both worlds: potentials for triangulating agent-based and equilibrium-based analysis,30.10.2019,Hauptvortrag / Eingeladener Vortrag auf einer Tagung
'Output gap nonsense': Reforming the EU's fiscal rules,10.10.2019,Hauptvortrag / Eingeladener Vortrag auf einer Tagung
"Country capabilities, product complexity, and finance in the EU: An AB-SFC multi country model for policy analysis",19.09.2019,Hauptvortrag / Eingeladener Vortrag auf einer Tagung
"Pluralism, complexity and the effective triangulation of methods",02.09.2019,Hauptvortrag / Eingeladener Vortrag auf einer Tagung
Fiscal policies in international perspective,04.06.2019,Hauptvortrag / Eingeladener Vortrag auf einer Tagung
Der Feind im Inneren: Das alte Dilemma des Liberalismus,31.05.2019,Hauptvortrag / Eingeladener Vortrag auf einer Tagung
Development and globalization: a pluralist perspective,16.04.2019,Hauptvortrag / Eingeladener Vortrag auf einer Tagung
Philosophy and economics,31.03.2019,Hauptvortrag / Eingeladener Vortrag auf einer Tagung
The future of pluralism in economics,31.03.2019,Hauptvortrag / Eingeladener Vortrag auf einer Tagung
Theory development through agent-based modelling Lessons from economics,14.06.2018,Hauptvortrag / Eingeladener Vortrag auf einer Tagung
„Netzwerke des Marktes“ in ihrem Einfluss auf Gesellschaft,28.04.2018,Hauptvortrag / Eingeladener Vortrag auf einer Tagung
VWL-Studium als alltägliche Lebensrealität,27.04.2018,Hauptvortrag / Eingeladener Vortrag auf einer Tagung
Ungleichheit in den USA: Ökonomische und gesellschaftliche Auswirkungen,22.11.2017,Hauptvortrag / Eingeladener Vortrag auf einer Tagung
Bilder von ÖkonomInnen zur Finanzkrise 2008,25.05.2017,Hauptvortrag / Eingeladener Vortrag auf einer Tagung
Die Eurokrise: Wettbewerbsdenken vs. koordinierte Wirtschaftspolitik,19.05.2017,Hauptvortrag / Eingeladener Vortrag auf einer Tagung
Verification and validation of agent-based models: Epistemological importance and theoretical challenges,19.05.2017,Hauptvortrag / Eingeladener Vortrag auf einer Tagung
Fiscal consolidation and disintegration tendencies in Europe: Is there a link?,30.03.2017,Hauptvortrag / Eingeladener Vortrag auf einer Tagung
Zur zentralen Rolle ordoliberaler Netzwerke in wirtschaftspolitischen Reformprozessen in Deutschland,17.03.2017,Hauptvortrag / Eingeladener Vortrag auf einer Tagung
Citation metrics and the development of economics,07.12.2016,Hauptvortrag / Eingeladener Vortrag auf einer Tagung
Selbstverwirklichung vs. Selbstoptimierung: Das ambivalente Erbe der Aufklärung,18.11.2016,Hauptvortrag / Eingeladener Vortrag auf einer Tagung
Epistemology of Economics,03.11.2016,Hauptvortrag / Eingeladener Vortrag auf einer Tagung
The future of economic teaching,05.09.2016,Hauptvortrag / Eingeladener Vortrag auf einer Tagung
Wissenschaftstheorie und Ökonomie,13.08.2016,Hauptvortrag / Eingeladener Vortrag auf einer Tagung
"Computations, Mechanisms, and Socio-Ecological Systems: A meta-theoretical appraisal of ABM",20.05.2016,Hauptvortrag / Eingeladener Vortrag auf einer Tagung
Netzwerke und Komplexität in der Ökonomik,10.05.2016,Hauptvortrag / Eingeladener Vortrag auf einer Tagung
Think Tank networks of German Neoliberalism,20.03.2016,Hauptvortrag / Eingeladener Vortrag auf einer Tagung
Der Einfluss der Wissenschaftsstatistik auf den ökonomischen Diskurs,05.12.2015,Hauptvortrag / Eingeladener Vortrag auf einer Tagung
Ökonomische Forschung und die Finanzkrise,05.12.2015,Hauptvortrag / Eingeladener Vortrag auf einer Tagung
Der Einfluss europäischer Agrarpolitikmaßnahmen auf die Arbeit im Agrarsektor,01.12.2015,Hauptvortrag / Eingeladener Vortrag auf einer Tagung
Die Macht der Wissenschaftsstatistik und die Entwicklung der Ökonomie,23.10.2015,Hauptvortrag / Eingeladener Vortrag auf einer Tagung
"Die Dominanz des ökonomischen Mainstreams aus szientometrischer Perspektive: Befunde zum ""Matthäus-Effekt"" in den Wirtschaftswissenschaften",02.10.2015,Hauptvortrag / Eingeladener Vortrag auf einer Tagung
Inequality before and after the Crisis,27.08.2014,Hauptvortrag / Eingeladener Vortrag auf einer Tagung
"Wie können alternative ökonomische Forschungsansätze an Universitäten gefördert werden?""",10.08.2014,Hauptvortrag / Eingeladener Vortrag auf einer Tagung
Wissenschaftstheorie und Ökonomie,08.08.2014,Hauptvortrag / Eingeladener Vortrag auf einer Tagung
Vom „Über-die-Verhältnisse-leben“ in der Krise,02.06.2014,Hauptvortrag / Eingeladener Vortrag auf einer Tagung
Bürgerbeteiligungsmodelle,10.06.2013,Hauptvortrag / Eingeladener Vortrag auf einer Tagung
"Ausgeliefert? Aufgaben und Chancen der Politik angesichts der ""Macht der Märkte"" und einer ausgehöhlten Demokratie",15.03.2012,Hauptvortrag / Eingeladener Vortrag auf einer Tagung
Liberalismus und Neoliberalismus,15.10.2011,Hauptvortrag / Eingeladener Vortrag auf einer Tagung
Der Markt-Begriff im Neoliberalismus,30.11.2010,Hauptvortrag / Eingeladener Vortrag auf einer Tagung
Welche Universität braucht gute Wissenschaft?,26.02.2024,Eingeladener Vortrag an Universität
How capitalist academia needs to change to assist structured socio-ecological transformation,23.02.2024,Eingeladener Vortrag an Universität
Pluralism in Economics,01.02.2024,Eingeladener Vortrag an Universität
Agentenbasiertes Modellieren und Komplexitätsökonomik,24.01.2024,Eingeladener Vortrag an Universität
Pluralismus und Komplexität: Ein Gegenentwurf zur neoklassischen Gleichgewichtsökonomik?,19.01.2024,Eingeladener Vortrag an Universität
"Bodendaten und Bodenpolitik im Agrarbereich: Bodendaten (Reichsbodenschätzung), Bodennutzungsdaten (INVEKOS; BMEL und Testbetriebsnetz) sowie Bodenbelastung (BMVU)",13.12.2023,Eingeladener Vortrag an Universität
Pluralismus in der Ökonomik,13.12.2023,Eingeladener Vortrag an Universität
Wissensproduktion und Publikationskulturen in der “Wettbewerbswissenschaft”,30.11.2023,Eingeladener Vortrag an Universität
A world full of nails: Über die eigenwillige (Nicht-)Thematisierung Sozial-Ökologischer Transformation in den Wirtschaftswissenschaften,21.11.2023,Eingeladener Vortrag an Universität
Konsequenzen der Wettbewerbsorientierung von und an Universitäten,23.09.2023,Eingeladener Vortrag an Universität
Pluralismus in der Ökonomik,09.09.2023,Eingeladener Vortrag an Universität
Agrarische sozio-ökonomische Transformation und Transformationswissen,04.07.2023,Eingeladener Vortrag an Universität
"Zur aktuellen agrarischen Transformationsforschung – Profile, Zugänge, Kernauffassungen",21.06.2023,Eingeladener Vortrag an Universität
Elitetheorien und Demokratieverständnis. Auffassungen und Vorgänge vor und nach 1945,18.04.2023,Eingeladener Vortrag an Universität
Agentenbasierte Modelle & Komplexitätsökonomik,26.01.2023,Eingeladener Vortrag an Universität
Agentenbasierte Modellierung und Komplexitätsökonomik,23.01.2023,Eingeladener Vortrag an Universität
Konsequenzen der Wettbewerbsorientierung von und an Universitäten. Eine Perspektive der interdisziplinären Wettbewerbsforschung,12.01.2023,Eingeladener Vortrag an Universität
Die deutsche universitäre Agrarsoziologie als Wissenschaftsdisziplin,06.12.2022,Eingeladener Vortrag an Universität
Komplexitätsökonomik,17.11.2022,Eingeladener Vortrag an Universität
Kompexitätsökonomik,03.11.2022,Eingeladener Vortrag an Universität
Verschweigen als gewolltes Nichtwissen in der Wissenschaft: Strategien in Umbruchzeiten,26.10.2022,Eingeladener Vortrag an Universität
Pluralismus in der Ökonomie: Philosophische Perspektiven,25.10.2022,Eingeladener Vortrag an Universität
Was ist plurale Ökonomik?,19.10.2022,Eingeladener Vortrag an Universität
Performativity: Vom Entstehen von agrarischen Verarbeitungsstrukturen am Beispiel Schlachthöfe,15.06.2022,Eingeladener Vortrag an Universität
Agrarpolitik und Agrarökonomie,14.06.2022,Eingeladener Vortrag an Universität
Pluralismus in der Ökonomie: Philosophische Perspektiven,09.06.2022,Eingeladener Vortrag an Universität
Konzernmacht in globalen Güterketten,03.05.2022,Eingeladener Vortrag an Universität
Liegt die Wahrheit irgendwo dazwischen? Eine plurale Perspektive auf globale Ungleichheit,02.05.2022,Eingeladener Vortrag an Universität
Machtstrukturen in der Ökonomie und der performative Einfluss auf Politik und Gesellschaft,01.03.2022,Eingeladener Vortrag an Universität
Pluralism in economics (& the role of heterodoxy),07.02.2022,Eingeladener Vortrag an Universität
Komplexitätsökonomik – eine Einführung,03.12.2021,Eingeladener Vortrag an Universität
Handelsnarrative in der ökonomischen Debatte,30.11.2021,Eingeladener Vortrag an Universität
Reforming the EU’s fiscal rules: Output gap estimates and fiscal policy in Belgium and beyond,26.11.2021,Eingeladener Vortrag an Universität
Komplexitätsökonomik – Alternative zur Gleichgewichtsökonomik?,17.11.2021,Eingeladener Vortrag an Universität
The micro-macro link in heterodox economics,17.11.2021,Eingeladener Vortrag an Universität
Kulturelle Wachstumskritik,02.11.2021,Eingeladener Vortrag an Universität
Social Limits to Growth,10.06.2021,Eingeladener Vortrag an Universität
Warum braucht es Pluralismus in den Wirtschaftswissenschaften?,09.06.2021,Eingeladener Vortrag an Universität
Plurale volkswirtschaftliche Ideengeschichte,29.04.2021,Eingeladener Vortrag an Universität
Plurale ökonomische Ideengeschichte,29.04.2021,Eingeladener Vortrag an Universität
Wissenschaftstheoretische Ansätze in den WiWi und ihre Auswirkungen auf gesellschaftliche Prozesse (Teil 2),28.04.2021,Eingeladener Vortrag an Universität
Pandemic pushes polarization: Macroeconomic divergence in the Eurozone,23.04.2021,Eingeladener Vortrag an Universität
Wissenschaftstheoretische Ansätze in den WiWi und ihre Auswirkungen auf gesellschaftliche Prozesse (Teil 1),20.04.2021,Eingeladener Vortrag an Universität
Finanzialisierung und globale Ungleichheit,18.12.2020,Eingeladener Vortrag an Universität
Pluralismus in der Ökonomik - Wissenschaftstheoretische Hintergründe,15.12.2020,Eingeladener Vortrag an Universität
Was ist heterodoxe Ökonomie?,19.03.2020,Eingeladener Vortrag an Universität
Die Spaltung als Modell: Europas Zerfall als Krise der Wirtschaftstheorie,04.07.2018,Eingeladener Vortrag an Universität
Performativität und Ökonomik,21.06.2018,Eingeladener Vortrag an Universität
Vergessen – Verkennen – Vermeiden: Das Problem Andersdenkende in den Wissenschaften,20.06.2018,Eingeladener Vortrag an Universität
Modellierung von Fiskalpolitik: Theorie und Empirie anhand von aktuellen Debatten,09.05.2018,Eingeladener Vortrag an Universität
Geld - Eine post-keynesianische Perspektive,18.04.2018,Eingeladener Vortrag an Universität
Ökonomische Diskurse: Historische und philosophische Perspektiven,11.04.2018,Eingeladener Vortrag an Universität
Wie denken zukünftige Ökonom_innen?,20.03.2018,Eingeladener Vortrag an Universität
Wissenschaftstheorie und Ökonomie,20.12.2017,Eingeladener Vortrag an Universität
Economists' Narratives and Metaphors of the Financial Crisis,30.11.2017,Eingeladener Vortrag an Universität
"Institutionenökonomik, Komplexitätsökonomik und Pluralismus",28.11.2017,Eingeladener Vortrag an Universität
Ordoliberalismus als politisches Gestaltungswissen:  ein deutscher Sonderweg,27.10.2017,Eingeladener Vortrag an Universität
Profil der deutschsprachigen Volkswirtschaftslehre im internationalen Vergleich,29.06.2017,Eingeladener Vortrag an Universität
Komplexitätsökonomik,12.06.2017,Eingeladener Vortrag an Universität
Wissenschaftstheorie und Ökonomie,08.05.2017,Eingeladener Vortrag an Universität
Verteilungstendenzen im globalen Kapitalismus. Eine plurale Perspektive.,04.05.2017,Eingeladener Vortrag an Universität
Economics and Philosophy: Models and Pluralism,27.04.2017,Eingeladener Vortrag an Universität
Paradigm lost? Herausforderungen der Ökonomik nach der Krise,26.04.2017,Eingeladener Vortrag an Universität
Diskursive und politische Wirkmächtigkeit ökonomischen Denkens,17.01.2017,Eingeladener Vortrag an Universität
Was ist heterodoxe Ökonomie?,15.12.2016,Eingeladener Vortrag an Universität
"The complexity challenge: Systemist thinking, computational modeling, and pluralism in economics",12.12.2016,Eingeladener Vortrag an Universität
Eine Einführung in die Institutionenökonomik(en),21.11.2016,Eingeladener Vortrag an Universität
Die Spaltung als Modell: Europas Zerfall als Krise der Wirtschaftstheorie,10.11.2016,Eingeladener Vortrag an Universität
Pluralismus in der Ökonomik? Zur Frage von Machtverhältnissen und Homogenität in der deutschsprachigen Ökonomik.,07.11.2016,Eingeladener Vortrag an Universität
Pluralismus in der Ökonomie? Wissenschaftstheoretische Grundlagen und wissenschaftspolitische Konsequenzen,26.10.2016,Eingeladener Vortrag an Universität
Workshop Verteilung und Gerechtigkeit: Ökonomische und politphilosophische Perspektiven,07.09.2016,Eingeladener Vortrag an Universität
The role of democracy in the history of liberal (economic) thought,01.08.2016,Eingeladener Vortrag an Universität
Diskursive und politische Wirkmächtigkeit ökonomischen Denkens,21.06.2016,Eingeladener Vortrag an Universität
Ökonomisches Denken in der Krise?,23.05.2016,Eingeladener Vortrag an Universität
Spezifische Aspekte ökonomischen Modelldenkens,26.04.2016,Eingeladener Vortrag an Universität
The social philosophy of globalized markets,07.04.2016,Eingeladener Vortrag an Universität
Krisen als Krankheiten und Katastrophen: Zur diskursiven Wirkmächtigkeit ökonomischen Denkens,06.04.2016,Eingeladener Vortrag an Universität
Komplexitätsökonomik,09.02.2016,Eingeladener Vortrag an Universität
Pluralismus in der Ökonomie: Eine wissenschaftstheoretische Perspektive,04.11.2015,Eingeladener Vortrag an Universität
Pluralism in Economics,02.09.2015,Eingeladener Vortrag an Universität
Europäische Agrarpolitik,22.06.2015,Eingeladener Vortrag an Universität
Pluralismus in der Ökonomie: Eine wissenschaftstheoretische Perspektive,09.06.2015,Eingeladener Vortrag an Universität
Pluralismus in der Ökonomie: Eine wissenschaftstheoretische Perspektive,01.06.2015,Eingeladener Vortrag an Universität
Die Rolle pluraler Ökonomik in der ökonomischen Bildung,05.05.2015,Eingeladener Vortrag an Universität
Denkschulenentwicklungen in der deutschen VWL nach 1945,24.04.2015,Eingeladener Vortrag an Universität
Pluralism in Economics: Perspectives from Philosophy of Science,05.02.2015,Eingeladener Vortrag an Universität
"Pluralismus, Komplexität und Mikroökonomik",13.01.2015,Eingeladener Vortrag an Universität
Ranglisten und andere Evaluationskriterien – die Macht der Wissenschaftsstatistik,18.12.2014,Eingeladener Vortrag an Universität
The Neoliberal Utopia as Negation of All Other Utopias,05.12.2014,Eingeladener Vortrag an Universität
"ÖkonomInnen und Ökonomie – Theorie, Erhebungen, Zugänge",01.12.2014,Eingeladener Vortrag an Universität
Keynotespeaker zum Thema Mythos Markt – Die Wichtigkeit von Narrativen und von diskursiven Netzwerken,21.11.2014,Eingeladener Vortrag an Universität
"Podiumsdiskussion über das Programm von ""Agenda Austria""",19.11.2014,Eingeladener Vortrag an Universität
Die Rückkehr des Rentiers. Ansichten zu Thomas Pikettys ‘Capital in the 21st century’,12.11.2014,Eingeladener Vortrag an Universität
"Europäische Agrarpolitik. Institutionen, Innovationen, Interpretationen.",12.11.2014,Eingeladener Vortrag an Universität
Kritische Betrachtung der Entwicklung der EU-Agrarpolitik,12.11.2014,Eingeladener Vortrag an Universität
Pluralismus in der Ökonomie: Eine wissenschaftstheoretische Perspektive,05.11.2014,Eingeladener Vortrag an Universität
"Relevanz, Realität, Modelle. Was braucht die Ökonomie?",29.10.2014,Eingeladener Vortrag an Universität
Pluralismus in der Ökonomie: Eine wissenschaftstheoretische Perspektive,23.10.2014,Eingeladener Vortrag an Universität
Wie Bilder und Metaphern Wirtschaft beeinflussen: mit Beispielen vom 18. Jahrhundert bis zum Neoliberalismus,23.10.2014,Eingeladener Vortrag an Universität
Pluralismus in der Ökonomie: Eine wissenschaftstheoretische Perspektive,21.10.2014,Eingeladener Vortrag an Universität
Vom mittelalterlichen Dienst an Gott zum neoklassischen Produktionsfaktor. Ein Überblick über die Kulturgeschichte von Arbeit und Zeit,07.05.2014,Eingeladener Vortrag an Universität
Die unsichtbare Hand des Marktes: Wahrheit oder Glaubenslehre,06.05.2014,Eingeladener Vortrag an Universität
"Mechanismen der Finanzmärkte, Globalisierung und Wirtschaftskrise",17.04.2014,Eingeladener Vortrag an Universität
Ökonomie und ÖkonomInnen - Interdependenz von Wirtschaftstheorie und ihrer Praxis,26.11.2013,Eingeladener Vortrag an Universität
Ökonomik als soziale Physik – Von der Moralwissenschaft zum Naturalismus,29.10.2013,Eingeladener Vortrag an Universität
Allegorien des Lesens. Paul de Man im Kontext,21.06.2013,Eingeladener Vortrag an Universität
Europäische Agrarpolitik,12.03.2013,Eingeladener Vortrag an Universität
Alte und neue Erklärungsansätze zum Aufstieg und Fall von Eliten,14.11.2012,Eingeladener Vortrag an Universität
Der Verlust der Kategorien von Moral und der Gesellschaft in der Geschichte der Nationalökonomie,18.09.2012,Eingeladener Vortrag an Universität
"Neoliberalismus, ökonomische Theorien und Propaganda",18.09.2012,Eingeladener Vortrag an Universität
Wider die Marktgläubigkeit. Ökonomie neu denken lernen (Publikumsdiskussion),18.09.2012,Eingeladener Vortrag an Universität
Grenzen der Krisendebatte. Zum Verhältnis von Sach- und Grundsatzdiskussionen in den Printmedien und in den Sozialwissenschaften,16.07.2012,Eingeladener Vortrag an Universität
Folgt nach der Finanz- die Demokratiekrise?,15.06.2012,Eingeladener Vortrag an Universität
Theorien der liberalen Gesellschaft,15.06.2012,Eingeladener Vortrag an Universität
Hintergründe zur Staatsschuldenkrise: wie denken die handelnden Akteure?,09.05.2012,Eingeladener Vortrag an Universität
"Politik und Wirtschaft, insbesondere zum Neoliberalismus",16.12.2011,Eingeladener Vortrag an Universität
Der Gesellschaftsvertrag von Locke bis Rawls,25.11.2011,Eingeladener Vortrag an Universität
Ist der Euro am Ende?,22.11.2011,Eingeladener Vortrag an Universität
Performativity - ein neues Konzept zur Analyse des Einflusses von Ökonomen?,17.11.2011,Eingeladener Vortrag an Universität
Krisen und Alternativen des neoliberalen Modells,15.11.2011,Eingeladener Vortrag an Universität
Thomas Kuhns wissenschaftliche Revolution. Grenzen der Paradigmenlehre,27.05.2011,Eingeladener Vortrag an Universität
Die Österreichische Schule im Neoliberalismus,23.05.2011,Eingeladener Vortrag an Universität
Foucault. Eine Einführung in sein Denken,18.05.2011,Eingeladener Vortrag an Universität
"Wirtschaftskrise, Krise der Mainstream-Ökonomik - Chance für die Sozialökonomie?",09.02.2011,Eingeladener Vortrag an Universität
Schreibreflexion und Subjekt im Spätwerk von Roland Barthes,21.01.2011,Eingeladener Vortrag an Universität
Netzwerkanalyse und Zeitverläufe,24.06.2010,Eingeladener Vortrag an Universität
Macht- und Elitetheorien – alte und neue Ansätze,05.06.2010,Eingeladener Vortrag an Universität
Wie pluralistisch ist die Volkswirtschaftslehre an der JKU wirklich?,18.05.2010,Eingeladener Vortrag an Universität
"Performativität - ein tragfähiger Ansatz, um den Einfluss von ökonomischen Theorien auf reale Wirtschaftsabläufe zu analysieren?",29.04.2010,Eingeladener Vortrag an Universität
Globale Tendenzen der Weltwirtschaft im 20. Jahrhundert: von der Krise der 70er Jahre zur Großen Krise ab 2008,27.04.2010,Eingeladener Vortrag an Universität
Wie Wirtschaft Welt bewegt. Die großen ökonomischen Modelle auf dem Prüfstand,12.04.2010,Eingeladener Vortrag an Universität
Keynesianismus und Neoliberalismus. Zur Geschichte des Wirtschaftssystems und Finanzmarktkrise und Lösungsvorschläge. Zur aktuellen Situation des Kapitalismus,23.02.2010,Eingeladener Vortrag an Universität
"Verteilung von Reichtum, Finanz- und Wirtschaftsbildung sowie neoliberale Denkweisen",08.11.2023,Präsentation in Radio/TV
Wie funktioniert die Ökonomie als Wissenschaft?,21.08.2023,Präsentation in Radio/TV
Denkanstöße liefern - Interview mit START-Preisträger Stephan Pühringer,28.07.2023,Präsentation in Radio/TV
Geschichte der Wirtschaftspolitik,19.01.2023,Präsentation in Radio/TV
Prekäre Wissenschaft: Warum Unis reformiert werden müssen,21.12.2022,Präsentation in Radio/TV
Competition Universalism und einige Zusammenhänge zwischen Wettbewerb und Raum,29.11.2022,Präsentation in Radio/TV
Ökonomie: Enge Verflechtung verzerrt den Wettbewerb der Ideen,14.10.2022,Präsentation in Radio/TV
MAN Steyr und der internationale Wettbewerb,26.06.2022,Präsentation in Radio/TV
Interview zu: Ist die Preisexplosion begründet,08.06.2022,Präsentation in Radio/TV
Agent Based Modelling,27.05.2022,Präsentation in Radio/TV
Think-Tanks: Neue Akteure im politischen Diskurs,02.02.2022,Präsentation in Radio/TV
Geschichte des Neoliberalismus,28.12.2021,Präsentation in Radio/TV
"Sozialer Schein, aber wirtschaftsliberale Positionen",02.12.2021,Präsentation in Radio/TV
Der Soziologe Robert K. Merton: Alles misslingt nach Plan,19.11.2021,Präsentation in Radio/TV
Wettbewerb in und rund um die Europäische Union,06.07.2021,Präsentation in Radio/TV
EU taxation capabilities and the way forward towards institutional progress in Europe,05.07.2021,Präsentation in Radio/TV
"Der Wert, zitiert zu werden",04.05.2021,Präsentation in Radio/TV
Kosten und Nutzen des „billigen“ Geldes,09.03.2021,Präsentation in Radio/TV
Wie wird über Wettbewerb gesprochen?,02.03.2021,Präsentation in Radio/TV
Private Verlage profitieren von Forschungsgeldern,01.02.2021,Präsentation in Radio/TV
Wettbewerb als Ordnungsprinzip,05.01.2021,Präsentation in Radio/TV
Wettbewerb infrage - neue Podcastreihe,05.01.2021,Präsentation in Radio/TV
Wo lassen denken? Die unsichtbare Macht von Think Tanks,20.02.2020,Präsentation in Radio/TV
City Science Talk: Solidarität,08.01.2020,Präsentation in Radio/TV
Solidarität – Wandel eines starken Begriffs,08.01.2020,Präsentation in Radio/TV
Vermögen wächst auch mit Vermögenssteuer weiter,23.10.2019,Präsentation in Radio/TV
"Interview zu pluraler Ökonomik, Teil II",11.08.2019,Präsentation in Radio/TV
"Interview zu pluraler Ökonomik, Teil I",28.07.2019,Präsentation in Radio/TV
Wie funktioniert Wettbewerb?,12.07.2019,Präsentation in Radio/TV
10 Fragen an Philipp Heimberger oder: Auf den Spuren der NAIRU,20.12.2018,Präsentation in Radio/TV
Das ABC der Finanzwelt - G wie Great Depression B,12.12.2018,Präsentation in Radio/TV
Silvio Gesell und die Freiwirtschaftslehre,18.07.2018,Präsentation in Radio/TV
Ab wann ist jemand reich?,23.11.2017,Präsentation in Radio/TV
Die vielen Facetten des Reichtums in Österreich,23.11.2017,Präsentation in Radio/TV
Reichtum in Österreich,30.10.2017,Präsentation in Radio/TV
Aus der moralischen Entrüstung gehen,16.10.2017,Präsentation in Radio/TV
EU-Krise: Neue Chancen für Europa?,11.05.2017,Präsentation in Radio/TV
"Populismus, Demagogie und die „Wut von unten“",21.12.2016,Präsentation in Radio/TV
Globalisierung und Konzernmacht – Zur Moral des Profits im 21. Jahrhundert,05.09.2016,Präsentation in Radio/TV
Kann man soziale Verantwortung lehren?,28.07.2016,Präsentation in Radio/TV
Die Denkfabrik der Millionäre,12.05.2016,Präsentation in Radio/TV
Großer Betrug am kleinen Bürger: Warum zahlen wir noch Steuern?,08.04.2016,Präsentation in Radio/TV
Panama Papers,07.04.2016,Präsentation in Radio/TV
"Think Tanks, Ökonomen und Politik",31.03.2016,Präsentation in Radio/TV
Welche Ökonomie wollen wir?,27.11.2015,Präsentation in Radio/TV
"""Märkte als Richter"" - Stephan Pühringer über Merkels Sprechen über die Krise",19.10.2015,Präsentation in Radio/TV
Märkte als Richter – Angela Merkels Sprechen über die Krise,19.10.2015,Präsentation in Radio/TV
Wie reich ist Österreich? Studienautor Kapeller live im Studio,05.08.2013,Präsentation in Radio/TV
Economic Preconditions and Impacts of the Mobility Transition in Austria's Railway Sector,06.09.2024,Vortrag auf einer Tagung (referiert)
Identifying and overcoming challenges for the Austrian mobility transition,04.09.2024,Vortrag auf einer Tagung (referiert)
The social and epistemic structure of research on Socio-ecological Transformation. Challenging the economic mainstream?,04.09.2024,Vortrag auf einer Tagung (referiert)
The social and epistemic structure of research on Socio-ecological Transformation. Challenging the economic mainstream?,28.06.2024,Vortrag auf einer Tagung (referiert)
Heating up Houses instead of the Climate A transparent and realistic pathway for transforming the German housing sector,06.10.2023,Vortrag auf einer Tagung (referiert)
‘The charm of emission trading’: Ideas of German economists on economic policy in times of crises,25.09.2023,Vortrag auf einer Tagung (referiert)
Competing for sustainability? An institutionalist analysis of the new development model of the European Union,14.09.2023,Vortrag auf einer Tagung (referiert)
Employment Relationships in the Age of Digitalisation: Analysing Policy Measures in an Agent-Based Framework,14.09.2023,Vortrag auf einer Tagung (referiert)
Heating up houses instead of the climate: A transparent and realistic pathway for transforming the German housing sector,13.09.2023,Vortrag auf einer Tagung (referiert)
What money can buy. Networks of the superriches in Austria,13.09.2023,Vortrag auf einer Tagung (referiert)
‘The charm of emission trading’: Ideas of German economists on economic policy in times of crises,12.09.2023,Vortrag auf einer Tagung (referiert)
Gendered Competitive Practices in Economics. A Multi-Layer Model of Women’s Underrepresentation,11.07.2023,Vortrag auf einer Tagung (referiert)
Gendered Competitive Practices in Economics. A Multi-Layer Model of Women’s Underrepresentation,23.06.2023,Vortrag auf einer Tagung (referiert)
Ranking the best of Research? Values and Valuation in Science,23.06.2023,Vortrag auf einer Tagung (referiert)
Gendered Competitive Practices in Economics A Multi-Layer Model of Women’s Underrepresentation,05.05.2023,Vortrag auf einer Tagung (referiert)
Degrowth and the Global South? How institutionalism can complement a timely discourse on ecologically sustainable development in an unequal world,11.01.2023,Vortrag auf einer Tagung (referiert)
Competing for sustainability? An institutionalist analysis of the new development model of the European Union,05.01.2023,Vortrag auf einer Tagung (referiert)
Bane or Boon: On Technological Competitiveness and Joining the European Union,09.10.2022,Vortrag auf einer Tagung (referiert)
The political economy of academic publishing: On the commodification of a public good,07.10.2022,Vortrag auf einer Tagung (referiert)
"Wettbewerb in akademischen, politischen und öffentlichen Diskursen",28.09.2022,Vortrag auf einer Tagung (referiert)
Curse or Blessing: On Technological Competitiveness and Joining the European Union,09.09.2022,Vortrag auf einer Tagung (referiert)
EU Policy-making and the construction of economic indicators: the case of Competitiveness in the European Semester,08.09.2022,Vortrag auf einer Tagung (referiert)
EU Policy-making and the construction of economic indicators: the case of Competitiveness in the European Semester,08.09.2022,Vortrag auf einer Tagung (referiert)
Modelling the Demand for Heterogeneous Consumption Products. A Macroeconomic Stock-Flow Consistent Agent-Based Approach,08.09.2022,Vortrag auf einer Tagung (referiert)
Networks of the super-rich in Austria,08.09.2022,Vortrag auf einer Tagung (referiert)
"Competitive Performativity of Academic Social Networks. The Subjectification of Competition on Researchgate, Twitter and Google Scholar",07.09.2022,Vortrag auf einer Tagung (referiert)
The heterogeneous effects of digitalization on macroeconomic developments - a comparative perspective,06.09.2022,Vortrag auf einer Tagung (referiert)
"Development and Interdisciplinarity: re-examining the ""economics silo""",11.07.2022,Vortrag auf einer Tagung (referiert)
Shaping Employment Relationships in the Age of Digitalisation: Analysing Policy Measures in an Agent-Based Framework,11.07.2022,Vortrag auf einer Tagung (referiert)
"Technological capabilities, globalisation and economic growth",11.07.2022,Vortrag auf einer Tagung (referiert)
The Toll it Takes: On Technological Competitiveness and Joining the European Union,11.07.2022,Vortrag auf einer Tagung (referiert)
Can the European Green Deal Contribute to a Socio-Ecological Transformation?,10.07.2022,Vortrag auf einer Tagung (referiert)
Winning urban competition with a social agenda. The competition imaginary in Viennese urban development plans,10.07.2022,Vortrag auf einer Tagung (referiert)
The industrial policy research discourse (2000-2020) – a topic modelling approach,22.11.2021,Vortrag auf einer Tagung (referiert)
Governing the Ungovernable. Recontextualizations of Competition in European Policy Discourse,07.11.2021,Vortrag auf einer Tagung (referiert)
(Mis)Measuring Competitiveness:  The Quantification of a Malleable Concept in the European Semester,06.11.2021,Vortrag auf einer Tagung (referiert)
Shaping Sustainable Employment Relationships in the Age of Digitalisation: Analysing Policy Measures in an Agent-Based Framework,06.11.2021,Vortrag auf einer Tagung (referiert)
Do corporate tax cuts boost growth?,30.10.2021,Vortrag auf einer Tagung (referiert)
The Emergence of Debt and Secular Stagnation in an unequal Society: A stock-flow consistent agent-based Approach,29.10.2021,Vortrag auf einer Tagung (referiert)
"The evolution of debtor-creditor relationships within a monetary union:  Trade imbalances, excess reserves and economic policy",29.10.2021,Vortrag auf einer Tagung (referiert)
"""Für die „Leistungsträger“ und „uns Österreicher“: Eine Mediendiskursanalyse zu Sozialreformen der ÖVP/FPÖ-Regierung 2017-2019 in Österreich""",16.10.2021,Vortrag auf einer Tagung (referiert)
(How) can heterodox economics inform the study of institutions?,16.10.2021,Vortrag auf einer Tagung (referiert)
Shaping Sustainable Employment Relationships in the Age of Digitalisation: Analysing Policy Measures in an Agent-Based Framework,16.10.2021,Vortrag auf einer Tagung (referiert)
Warum müssen wir noch immer arbeiten?,16.10.2021,Vortrag auf einer Tagung (referiert)
The Emergence of Debt and Secular Stagnation in an unequal Society: A stock-flow consistent agent-based Approach,15.10.2021,Vortrag auf einer Tagung (referiert)
Competition in Transitional Processes: Polanyi and Schumpeter,09.10.2021,Vortrag auf einer Tagung (referiert)
Power structures in economics and their impact on trade policies: An SSE approach,06.10.2021,Vortrag auf einer Tagung (referiert)
"The evolution of debtor-creditor relationships within a monetary union:  Trade imbalances, excess reserves and economic policy",04.09.2021,Vortrag auf einer Tagung (referiert)
(Mis)Measuring Competitiveness: The Quantification of a Malleable Concept in the European Semester,03.09.2021,Vortrag auf einer Tagung (referiert)
Governing the Ungovernable. Recontextualizations of Competition in European Policy Discourse,03.09.2021,Vortrag auf einer Tagung (referiert)
"Still learning to catch-up? Technological capabilities, globalisation and economic growth",03.09.2021,Vortrag auf einer Tagung (referiert)
The Authors of Economics Journals Revisited: Evidence from a Large-Scale Replication of Hodgson & Rothman (1999),03.09.2021,Vortrag auf einer Tagung (referiert)
The Emergence of Debt and Secular Stagnation in an unequal Society: A stock-flow consistent agent-based Approach,03.09.2021,Vortrag auf einer Tagung (referiert)
The Political Economy of Academic Publishing: On the Commodification of a Public Good,03.09.2021,Vortrag auf einer Tagung (referiert)
Top economists as free-trade cheerleaders in the public,03.09.2021,Vortrag auf einer Tagung (referiert)
Tracing the invisible rich,25.08.2021,Vortrag auf einer Tagung (referiert)
Tracing the invisible rich: The rank correction approach to inferring tails in survey data,25.08.2021,Vortrag auf einer Tagung (referiert)
Competition in Transitional Processes: Polanyi & Schumpeter,09.07.2021,Vortrag auf einer Tagung (referiert)
Author Meets Critics: “Intangible Flow Theory in Economics: Human Participation in Economic and Societal Production”,05.07.2021,Vortrag auf einer Tagung (referiert)
Governing the Ungovernable. Recontextualizations of Competition in European Policy Discourse,04.07.2021,Vortrag auf einer Tagung (referiert)
Theorizing Competition: An Interdisciplinary Framework,04.07.2021,Vortrag auf einer Tagung (referiert)
The political economy of academic publishing: On the commodification of a public good,03.07.2021,Vortrag auf einer Tagung (referiert)
The Authors of Economics Journals Revisited: Evidence from a Large-Scale Replication of Hodgson & Rothman (1999),02.07.2021,Vortrag auf einer Tagung (referiert)
Governing the Ungovernable. Recontextualizations of European Policy Discourse,27.05.2021,Vortrag auf einer Tagung (referiert)
Governing the Ungovernable. Recontextualizations of European Policy Discourse,26.03.2021,Vortrag auf einer Tagung (referiert)
Does economic globalisation promote economic growth? A meta analysis Presentation,19.02.2021,Vortrag auf einer Tagung (referiert)
Allbetroffenheit in der Pandemie? Ein soziologischer Blick auf das Erleben der Auswirkungen der Corona-Krise,17.10.2020,Vortrag auf einer Tagung (referiert)
Competition in Transformational Processes: Polanyi & Schumpeter,16.10.2020,Vortrag auf einer Tagung (referiert)
Wohin steuert die Europäische Union? Ein Klärungsversuch der strategischen Ausrichtung der EU seit Lissabon,16.10.2020,Vortrag auf einer Tagung (referiert)
Presente y futuro del desarrollo económico desde una perspectiva Latinoamericana,02.10.2020,Vortrag auf einer Tagung (referiert)
Theorizing Competition: An interdisciplinary approach to the genesis of a contested concept,04.09.2020,Vortrag auf einer Tagung (referiert)
Competition in Transformational Processes: Polanyi & Schumpeter,03.09.2020,Vortrag auf einer Tagung (referiert)
Exploring the trade (policy) narratives in economic elite discourse,03.09.2020,Vortrag auf einer Tagung (referiert)
Talking about Competition. Discursive shifts in the economic imaginary of competition in public debates,03.09.2020,Vortrag auf einer Tagung (referiert)
Talking about Competition: Discursive shifts in the economic imaginary of competition in public debates,22.07.2020,Vortrag auf einer Tagung (referiert)
Theorizing Competition: An interdisciplinary approach to the genesis of a contested concept,18.07.2020,Vortrag auf einer Tagung (referiert)
Zettelkasten ist nicht gleich Zettelkasten. Zum ontologischen Problem in der Netzwerkforschung mit Fokus auf Mark Lombardi und Niklas Luhmann,24.03.2020,Vortrag auf einer Tagung (referiert)
Does economic globalization affect income inequality? A meta-analysis,05.12.2019,Vortrag auf einer Tagung (referiert)
"Is the Eurozone disintegrating? Macroeconomic divergence, structural polarization, trade and fragility",26.10.2019,Vortrag auf einer Tagung (referiert)
The conflict over income in a capitalist society: A stock-flow consistent approach,25.10.2019,Vortrag auf einer Tagung (referiert)
"Auftragsvergabe, Leistungsqualität und Kostenintensität im Schienenpersonenverkehr",12.10.2019,Vortrag auf einer Tagung (referiert)
Economic Polarization in Europe,12.10.2019,Vortrag auf einer Tagung (referiert)
Widersprüche im technologischen Fortschritt: am Beispiel der Blockchain Technologie,12.10.2019,Vortrag auf einer Tagung (referiert)
Der Wert des Widerspruchs für die demokratische Praxis,11.10.2019,Vortrag auf einer Tagung (referiert)
Ein pluralistisches Paradigma? Anwendungsbeispiel Mindestlohn,11.10.2019,Vortrag auf einer Tagung (referiert)
(Towards) exploring the genesis of competition in economic thought,02.10.2019,Vortrag auf einer Tagung (referiert)
Does economic globalization affect income inequality? A meta-analysis,01.10.2019,Vortrag auf einer Tagung (referiert)
Relationalität in der Soziologie und „Poppers Fluch“,28.09.2019,Vortrag auf einer Tagung (referiert)
"""Alte Bekannte im neuen Gewand"" – Zum Phänomen kontextualer Neuinterpretation von Wissen",27.09.2019,Vortrag auf einer Tagung (referiert)
Too big to fail…? Subventionierte Strukturplan-Politik in Deutschland zur Forcierung von Massentierhaltung,26.09.2019,Vortrag auf einer Tagung (referiert)
Structural change in times of increasing openness: Assessing path dependency in European Economic integration,23.09.2019,Vortrag auf einer Tagung (referiert)
Convergence and Polarization Dynamics in Europa and globally,14.09.2019,Vortrag auf einer Tagung (referiert)
Creating a Pluralist Paradigm: An Application to the Minimum Wage Debate,14.09.2019,Vortrag auf einer Tagung (referiert)
Unrealistic models and how to identify them: on accounts of model realisticness,14.09.2019,Vortrag auf einer Tagung (referiert)
Divided We Stand? Professional Consensus and Political Conflict in Academic Economics,13.09.2019,Vortrag auf einer Tagung (referiert)
"Is the Eurozone disintegrating? Macroeconomic divergence, structural polarization",13.09.2019,Vortrag auf einer Tagung (referiert)
Models of Capability Accumulation,13.09.2019,Vortrag auf einer Tagung (referiert)
Economics & Philosophy,12.09.2019,Vortrag auf einer Tagung (referiert)
Kommentar zu Komplexität und Evolution in der Ökonomik,05.07.2019,Vortrag auf einer Tagung (referiert)
Divided We Stand? Professional Consensus and Political Conflict in Academic Economics,29.06.2019,Vortrag auf einer Tagung (referiert)
The power of economic models: The case of the EU's fiscal regulation framework,28.06.2019,Vortrag auf einer Tagung (referiert)
Market and society in Neo-liberalism and right-wing populism: A “reversed embeddedness”?,04.05.2019,Vortrag auf einer Tagung (referiert)
Exploring the trade narrative in the ‘top 5’ journals in economics,16.04.2019,Vortrag auf einer Tagung (referiert)
Structural change in times of increasing openness: Assessing path dependency in European economic integration,16.04.2019,Vortrag auf einer Tagung (referiert)
Why Economics is still Political Economy. Economists as enlightened experts and/or political proclaimers,15.04.2019,Vortrag auf einer Tagung (referiert)
Netzwerkanalysen zur Entwicklung der professoralen Agrarpolitiker und Agrarökonomen Deutschlands 1933 bis 2000,29.03.2019,Vortrag auf einer Tagung (referiert)
Harvesting the Benefits of Different Perspectives: Theoretical and Practical Reflections on Pluralistic Education in Economics,22.02.2019,Vortrag auf einer Tagung (referiert)
Pluralist and interdisciplinary research in academic economics,21.02.2019,Vortrag auf einer Tagung (referiert)
Polit-ökonomische Machtstrukturen unter „öffentlichen ÖkonomInnen“,19.12.2018,Vortrag auf einer Tagung (referiert)
Intended and unintended non-knowledge – a neglected area in the debate on economic pluralism,07.12.2018,Vortrag auf einer Tagung (referiert)
Why Economics is Still Political Economy: Economists as enlightened experts and/or political proclaimers,06.12.2018,Vortrag auf einer Tagung (referiert)
Entitäten und Relationen – Die relationale Forschungsperspektive,04.12.2018,Vortrag auf einer Tagung (referiert)
Divided we stand? Die politischen Orientierungen ‚öffentlicher ÖkonomInnen‘ in den USA,16.11.2018,Vortrag auf einer Tagung (referiert)
The focus of academic economics,28.10.2018,Vortrag auf einer Tagung (referiert)
Strukturelle Polarisierung: Warum Europa trotz Aufschwungs ökonomisch auseinanderdriftet,22.10.2018,Vortrag auf einer Tagung (referiert)
Do labor market rigidities increase unemployment? Evidence for 23 OECD countries over 1985-2013,10.10.2018,Vortrag auf einer Tagung (referiert)
Structural change in time of increasing openness: assessing path dependency in European economic integration,24.09.2018,Vortrag auf einer Tagung (referiert)
Structural change in times of increasing openness: Assessing path dependency in European economic integration,08.09.2018,Vortrag auf einer Tagung (referiert)
The Focus of Academic Economics - Before and After the Crisis,07.09.2018,Vortrag auf einer Tagung (referiert)
The Kaldor paradox revisited: New evidence in times of increasing openness“,07.09.2018,Vortrag auf einer Tagung (referiert)
What economics education is missing: the real world,06.09.2018,Vortrag auf einer Tagung (referiert)
Die Bedeutung von Vertrauen und sozialer Kontrolle für die Funktion informeller Wert-Transfer Systems,13.07.2018,Vortrag auf einer Tagung (referiert)
Employment and the minimum wage: A pluralist approach,13.07.2018,Vortrag auf einer Tagung (referiert)
The Anti-democratic Logic of Right-wing Populism and Neoliberal Market-fundamentalism,07.01.2018,Vortrag auf einer Tagung (referiert)
To trust or to control - Informal value transfer systems and computational analysis in institutional economics,07.01.2018,Vortrag auf einer Tagung (referiert)
"Government Policies and Financial Crises: Mitigation, Postponement or Prevention?",05.01.2018,Vortrag auf einer Tagung (referiert)
Citation Patterns in Economics and Beyond: Assessing the Peculiarities of Economics from Two Scientometric Perspectives,20.12.2017,Vortrag auf einer Tagung (referiert)
The dynamic effects of fiscal consolidation episodes on income inequality: Evidence for 17 OECD countries over 1978-2013,10.11.2017,Vortrag auf einer Tagung (referiert)
Citation metrics and the development of economics,24.10.2017,Vortrag auf einer Tagung (referiert)
On defining institutions and how to study them,21.10.2017,Vortrag auf einer Tagung (referiert)
The political consequences of paradigmatic monism in economics. Evidences from a comparative analysis of German and US economics,20.10.2017,Vortrag auf einer Tagung (referiert)
"Sources of cooperation, performance, and stability in informal value transfer systems",19.10.2017,Vortrag auf einer Tagung (referiert)
In cars we trust. Automobile manufacturing as part of an integrative European industrial policy.,13.10.2017,Vortrag auf einer Tagung (referiert)
On the many ways a model can be unrealistic – and still useful,12.10.2017,Vortrag auf einer Tagung (referiert)
The dynamic effects of fiscal consolidation episodes on income inequality: Evidence for 17 OECD countries over 1978-2013,12.10.2017,Vortrag auf einer Tagung (referiert)
The dance of Godzilla and the earthquake: on the sectoral and structural foundations of macroeconomic dynamics,20.09.2017,Vortrag auf einer Tagung (referiert)
Citation metrics and the development of economics,15.09.2017,Vortrag auf einer Tagung (referiert)
Towards a computational understanding of institutions – A review and a new proposition,15.09.2017,Vortrag auf einer Tagung (referiert)
The dynamic effects of fiscal consolidation episodes on income inequality: Evidence for 17 OECD countries over 1978-2013,19.07.2017,Vortrag auf einer Tagung (referiert)
"Selling the “economic truth” to the public. Herbert Giersch and Hans-Werner Sinn as “public intellectuals""",17.07.2017,Vortrag auf einer Tagung (referiert)
The complexity approach to economic development as a new rationale for industrial policy?,11.06.2017,Vortrag auf einer Tagung (referiert)
Mendelejews Traum – Faktuale und fiktionale Komponenten einer Wissenschaftsgeschichte,26.05.2017,Vortrag auf einer Tagung (referiert)
Neoliberale Think Tanks als Katalysatoren gesellschaftlicher Reformdiskurse.,21.04.2017,Vortrag auf einer Tagung (referiert)
Arbeitsmarktpolitik als Gesellschaftspolitik,20.04.2017,Vortrag auf einer Tagung (referiert)
Did fiscal consolidation cause the double-dip recession in the euro area?,20.02.2017,Vortrag auf einer Tagung (referiert)
"Uneven waves of commodification, decommodification, and recommodification. Karl Polanyi and the Analysis of Welfare State Transformation",13.01.2017,Vortrag auf einer Tagung (referiert)
Enforcing economic liberalism in European fiscal policy-making: On the role of the European Commission’s poential output model,11.01.2017,Vortrag auf einer Tagung (referiert)
Prospects of a sustainable automotive industry,11.01.2017,Vortrag auf einer Tagung (referiert)
The Complementary Relationship Between Evolutionary-Institutional and Complexity Economics,07.01.2017,Vortrag auf einer Tagung (referiert)
The Nature of Institutions: A Computational Perspective,07.01.2017,Vortrag auf einer Tagung (referiert)
Ökonomen-Netzwerke – Zu historischen und aktuellen Netzwerken der deutschen VWL-Professorinnen und Professoren,05.12.2016,Vortrag auf einer Tagung (referiert)
The performativity of potential output: Pro-cyclicality and path dependency in coordinating European fiscal policies,05.11.2016,Vortrag auf einer Tagung (referiert)
"The effect of selection and reputation mechanisms on the emergence of cooperation,",04.11.2016,Vortrag auf einer Tagung (referiert)
The “Performative Footprint” of economists political and societal impact of post-war German economists,04.11.2016,Vortrag auf einer Tagung (referiert)
The performativity of potential output: Pro-cyclicality and path dependency in coordinating European fiscal policies,21.10.2016,Vortrag auf einer Tagung (referiert)
Perspektiven für eine nachhaltige Automobilindustrie,15.10.2016,Vortrag auf einer Tagung (referiert)
"Spezialisierung, Stratifikation und internationale Wirtschaft",15.10.2016,Vortrag auf einer Tagung (referiert)
Strategien einer permanenten neoliberalen Diskurshegemonie?,14.10.2016,Vortrag auf einer Tagung (referiert)
Zeitlichkeit und Tauschfähigkeit bei Rosa Luxemburg und Joseph Alois Schumpeter,24.09.2016,Vortrag auf einer Tagung (referiert)
The performativity of potential output: Pro-cyclicality and path-dependency in coordinating European fiscal policies,20.09.2016,Vortrag auf einer Tagung (referiert)
Computational Game Theory and the Micro Foundations of Institutions,08.09.2016,Vortrag auf einer Tagung (referiert)
Discursive Shifts in the Transition from an “Active” to an “Activating” Labour Market Policy (LMP),07.07.2016,Vortrag auf einer Tagung (referiert)
Zur zentralen Rolle ordoliberaler Netzwerke in wirtschaftspolitischen Reformprozessen in Deutschland,02.07.2016,Vortrag auf einer Tagung (referiert)
Still the Queens of Social Sciences. (Post-)Crisis power balances  of “public economists” in Germany,11.06.2016,Vortrag auf einer Tagung (referiert)
Krise und ökonomische Politikberatung,05.12.2015,Vortrag auf einer Tagung (referiert)
Wirtschaftspolitische Ausrichtungen in österreichischen Parteiprogrammen,05.12.2015,Vortrag auf einer Tagung (referiert)
„Landnahme“. Zur Ökonomie Rosa Luxemburgs und dem Defizit-Problem in der Ökonomie.,05.12.2015,Vortrag auf einer Tagung (referiert)
"Funktionen, Policies, Diskurse. Ein Beitrag zur Erklärung (sozial-)staatlicher Transformation",28.11.2015,Vortrag auf einer Tagung (referiert)
Exklusionen in der Ökonomie? Die Situation der Heterodoxen in Deutschland und ihre Ursachen,27.11.2015,Vortrag auf einer Tagung (referiert)
Politik und ihre Ad-hoc- Gremien in Krisenzeiten: Public Management zwischen Demokratie und Wirkungsorientierung?,23.10.2015,Vortrag auf einer Tagung (referiert)
Agrarsoziologie ohne Aufgaben?  Zum vergangenen und zukünftigem Aufgaben-verständnis in der deutschsprachigen Agrarsoziologie,01.10.2015,Vortrag auf einer Tagung (referiert)
Eine algorithmische Perspektive auf die Evolution von Institutionen,01.10.2015,Vortrag auf einer Tagung (referiert)
It’s not only about inequality: the role of unmet aspirations and speculative capital for explaining social protest,18.09.2015,Vortrag auf einer Tagung (referiert)
The Nature of Institutions: A Computational Perspective,18.09.2015,Vortrag auf einer Tagung (referiert)
Economics return to a dismal science? A CPE approach to the role of economic thought in German labour market reforms from the 1960s to the 2000s,02.09.2015,Vortrag auf einer Tagung (referiert)
Economics return to a dismal science? The changing role of economic thought in German labour market reforms from the 1960s to the 2000s,02.09.2015,Vortrag auf einer Tagung (referiert)
Beyond Equilibrium: Revisting Two-Sided Markets from an Agent-Based Perspective,19.08.2015,Vortrag auf einer Tagung (referiert)
Ökonom*innen und Politik. Analyse zur politischen Einflußnahme deutschsprachiger Ökonom*innen und Ökonomie.,16.07.2015,Vortrag auf einer Tagung (referiert)
The narrow concept of “economic normality” in economists public crisis discourse,08.07.2015,Vortrag auf einer Tagung (referiert)
Two perspectives on citation metrics in economics,12.04.2015,Vortrag auf einer Tagung (referiert)
Markets as „ultimate judges“ of economic policies. Angela Merkel´s interpretation of the economic crisis and her conclusions for European crisis policies,11.04.2015,Vortrag auf einer Tagung (referiert)
Agent-Based Computational Models: A Useful Heuristic for Institutional Pattern Modeling?,03.01.2015,Vortrag auf einer Tagung (referiert)
Beyond Foundations: Systemism in Economic Thinking,03.01.2015,Vortrag auf einer Tagung (referiert)
Märkte und die Anerkennung von Arbeit – schlechte und ungleiche Bezahlung als nur eine geschlechterspezifische Frage? Ein erkenntnistheoretischer Zugang zur Frage der schlechten Bezahlung bestimmter Tätigkeiten,12.12.2014,Vortrag auf einer Tagung (referiert)
About Implicit Assumptions in Formal Modelling – The Case of DSGE and ABM in Economics,07.11.2014,Vortrag auf einer Tagung (referiert)
Crisis resistance of inequality,24.09.2014,Vortrag auf einer Tagung (referiert)
From free to civilised markets. First steps towards Eutopia,12.09.2014,Vortrag auf einer Tagung (referiert)
Zur Performativität der Ökonomik und aktuellen ÖkonomInnen-Netzwerken in Deutschland,17.07.2014,Vortrag auf einer Tagung (referiert)
From Free to Civilized Markets: First Steps towards Eutopia,06.03.2014,Vortrag auf einer Tagung (referiert)
Zur Performativität der Ökonomik als Wissenschaft in Verantwortung,14.12.2013,Vortrag auf einer Tagung (referiert)
Formal Foundations of Agent-Based Models and Simulations,08.11.2013,Vortrag auf einer Tagung (referiert)
Der Fiskalpakt und seine Implementation in Österreich,18.10.2013,Vortrag auf einer Tagung (referiert)
Simulationen in der Evolutorischen Ökonomik,03.10.2013,Vortrag auf einer Tagung (referiert)
Aus den Vorhöfen der Macht in die Medien hin zur eigenen Partei. Formen der der Einflussnahme von ÖkonomInnen auf Politik und Wirtschaft im Zuge der Finanz- und Wirtschaftskrisenpolitik.,26.09.2013,Vortrag auf einer Tagung (referiert)
"Tsunami, Earthquake, Fever. Economists’ framing of the financial crisis in the public economic discourse",10.09.2013,Vortrag auf einer Tagung (referiert)
The implementation of the European Fiscal Compact in Austria as a post-democratic phenomenon,27.06.2013,Vortrag auf einer Tagung (referiert)
Die Implementierung des Fiskalpakts als postdemokratisches Phänomen,22.03.2013,Vortrag auf einer Tagung (referiert)
Das Problem der Anerkennung von Arbeit,18.01.2013,Vortrag auf einer Tagung (referiert)
Economists and Economics - Discourse Profiles of Exonomists in the Financial Crisis,07.07.2012,Vortrag auf einer Tagung (referiert)
Gleichheit und Vielfalt als normative Konzeptionen? - zu den philosophischen Implikationen bei Simone de Beauvoir,29.10.2011,Vortrag auf einer Tagung (referiert)
Crowdsourcing - temporäre virtuelle Gemeinschaften und ihr Regelbezug. Der Fall Guttenplag.,04.10.2011,Vortrag auf einer Tagung (referiert)
Netzwerke im Internet - eine neue kritische Öffentlichkeit? Das Beispiel Guttenberg,01.10.2011,Vortrag auf einer Tagung (referiert)
Konkurrierende Vergangenheit - Geschichte und Gegengeschichte zur Vergangenheit der Nachkriegsgeneration der deutschen Agrarpolitikprofessoren,29.09.2011,Vortrag auf einer Tagung (referiert)
Performativity - ein theoretischer Ansatz zur Wirkungsanalyse der Ökonomie auf die Gesellschaft?,28.09.2011,Vortrag auf einer Tagung (referiert)
Geographische Bezüge in professoralen Netzwerken - universitäre Lieferbeziehungen in der deutschen Agrarpolitik und Agrarökonomie,27.05.2011,Vortrag auf einer Tagung (referiert)
Die professorale Scientific Community der deutschen Agrarökonomie und Agrarpolitik vor und nach 1945,05.05.2011,Vortrag auf einer Tagung (referiert)
"Akteur und Markt, Subjekt und Ordnung in der ökonomischen Theorie",24.02.2011,Vortrag auf einer Tagung (referiert)
Ego-Netzwerke 1933 bis nach 1945 im Zeitverlauf - Brüche? Kontinuitäten? Typica?,13.11.2010,Vortrag auf einer Tagung (referiert)
Solidarität im Kapitalismus,22.10.2010,Vortrag auf einer Tagung (referiert)
Vielschichtigkeit in der Realität - Stringenz in der Analyse? Das Problem der Datenbewältigung bei der Erstellung von Ego-Netzwerken.,18.09.2010,Vortrag auf einer Tagung (referiert)
"Die Evolution ökonomischen Wissens und des Wissens über den Kapitalismus. Performativity als Analyseinstrument: das Beispiel der Fabian Society, der Mont Pelerin Society und der Chicagoer Schule",03.07.2010,Vortrag auf einer Tagung (referiert)
Aktionsforschung – ein Weg zum Design institutioneller Neuerungen,10.06.2010,Vortrag auf einer Tagung (referiert)
Netzwerkanalytische Betrachtungen zu historischen Verläufen - Vorteile und neue Erkenntnisse? (am Beispiel der Historie der professoralen Agrarökonomen Deutschlands 1933 bis 1955),30.05.2010,Vortrag auf einer Tagung (referiert)
Institutionalisierungsprozesse im Ökologischen Landbau in den Neuen Bundesländern. Die GÄA e. V. und Biopark.,11.02.2009,Vortrag auf einer Tagung (referiert)
Competing for Sustainability? An institutionalist analysis of the new development model of the EU,27.06.2023,Vortrag auf einer Tagung (nicht referiert)
The Political Economy of Measuring Competitiveness,28.09.2022,Vortrag auf einer Tagung (nicht referiert)
"Competitive Performativity of Academic Social Networks. The Subjectification of Competition on Researchgate, Twitter and Google Scholar",21.07.2022,Vortrag auf einer Tagung (nicht referiert)
Freihandelsdebatten in der Ökonomie,30.11.2021,Vortrag auf einer Tagung (nicht referiert)
Trade narratives of economists: A CDA approach,21.10.2021,Vortrag auf einer Tagung (nicht referiert)
"Ökonomisches Denken selbst bewertet – Muster, Mechanismen und Dynamiken in der ökonomischen Dogmenhistorie",16.05.2019,Vortrag auf einer Tagung (nicht referiert)
Andersdenkende als Vordenker im wirtschaftswissenschaftlichen Feld,19.10.2018,Vortrag auf einer Tagung (nicht referiert)
Paradigmatische Homogenität? Aktueller Stand und  Zukunftsperspektiven der Ökonomik in Deutschland und den USA,20.10.2017,Vortrag auf einer Tagung (nicht referiert)
Pluralist and heterodox economics: Conceptual clarification and exemplary applications,15.03.2017,Vortrag auf einer Tagung (nicht referiert)
Ansätze einer Verankerung wohlstandsorientierter Politik in Österreich,11.02.2017,Vortrag auf einer Tagung (nicht referiert)
The two transitions from algebraic to analytical thinking in economics in the 18th and 19th century,09.02.2017,Vortrag auf einer Tagung (nicht referiert)
Profil der deutschsprachigen Volkswirtschaftslehre. Paradigmatische Ausrichtung und politische Wirkmächtigkeit deutschsprachiger Ökonom_innen,05.11.2016,Vortrag auf einer Tagung (nicht referiert)
"Die Macht ökonomischer Modelle am Beispiel des ""Potential-Output""-Modells der Europäischen Kommission",14.10.2016,Vortrag auf einer Tagung (nicht referiert)
"Performativität, Machtverhältnisse und Ökonomik. Zur Frage der Homogenität in der deutschsprachigen Ökonomik",14.10.2016,Vortrag auf einer Tagung (nicht referiert)
Entstehen und Vergehen der deutschen Heterodoxen ab den 1970ern,11.02.2016,Vortrag auf einer Tagung (nicht referiert)
Austeritätspolitik in Zeiten der Eurokrise: Wachstumseffekte der fiskalischen Konsolidierungsmaßnahmen 2011-2013,05.12.2015,Vortrag auf einer Tagung (nicht referiert)
Die Rolle der Politik in der Entwicklung des Schattenbankensektors,04.12.2015,Vortrag auf einer Tagung (nicht referiert)
Did Fiscal Consolidation Cause the Double Dip Recession in the Euro Area?,23.10.2015,Vortrag auf einer Tagung (nicht referiert)
Philosophien der Verteilungsgerechtigkeit,20.06.2015,Vortrag auf einer Tagung (nicht referiert)
Piketty verstehen,20.06.2015,Vortrag auf einer Tagung (nicht referiert)
"Markt, Marktakteure und die Rolle des Staates im Wirtschaftsleben",12.12.2014,Vortrag auf einer Tagung (nicht referiert)
“Der” Markt: Genese und Wirkungsweise eines vieldeutigen Begriffs,12.12.2014,Vortrag auf einer Tagung (nicht referiert)
„Der Markt als Richter“. Marktdisziplin und Austeritätspolitik,12.12.2014,Vortrag auf einer Tagung (nicht referiert)
Moderation einer Diskussion zur Sozialen Markwirtschaft,11.12.2014,Vortrag auf einer Tagung (nicht referiert)
Gewerkschaftliche Erneuerung durch Bewegungen der Migration?,29.11.2014,Vortrag auf einer Tagung (nicht referiert)
Financial Markets: A Critical Approach to their Functions and Impact on Economy.,19.11.2014,Vortrag auf einer Tagung (nicht referiert)
Emanzipation bei Marx und seine Kritik an Proudhon und dessen ideengeschichtlichen Nachfahren,18.10.2014,Vortrag auf einer Tagung (nicht referiert)
Eigene Bilder von Identität und Zugehörigkeit erfahren und verändern,24.10.2013,Vortrag auf einer Tagung (nicht referiert)
"Populismus und Demagogie. Inhalte und Muster eines gefährlichen Denkens, mit Beispielen bis zur Tea Party und Frank Stronach",24.10.2013,Vortrag auf einer Tagung (nicht referiert)
Vortrag CDOs - A Critical Phenomenon of the Financial System in the Crisis,10.09.2013,Vortrag auf einer Tagung (nicht referiert)
Die Finanzkrise 2007-2009 als Krise von Schattenbanken. Eine institutionelle Analyse,06.07.2013,Vortrag auf einer Tagung (nicht referiert)
Finanzkapitalismus: was ist das? Strukturen eines Machtsystems,18.05.2013,Vortrag auf einer Tagung (nicht referiert)
Bürgerbeteiligungsmodelle,15.04.2013,Vortrag auf einer Tagung (nicht referiert)
Finanzkrise und Staatschuldenkrise,27.03.2013,Vortrag auf einer Tagung (nicht referiert)
Finanzkrise und Staatschuldenkrise,20.03.2013,Vortrag auf einer Tagung (nicht referiert)
Einführung in das Schattenbankensystem,01.03.2013,Vortrag auf einer Tagung (nicht referiert)
Podiumsdiskussion: Zur Lage der Demokratie,24.01.2013,Vortrag auf einer Tagung (nicht referiert)
"Diskussionsbeitrag zu: Ötsch, Silke: Our banking secrecy is a strong castle",30.11.2012,Vortrag auf einer Tagung (nicht referiert)
The Political Economy of Offshore Jurisdictions: Its Neoliberal Background,30.11.2012,Vortrag auf einer Tagung (nicht referiert)
Eröffnung der 4. Jahrestagung Die Politische Ökonomie von Regulierungsoasen,29.11.2012,Vortrag auf einer Tagung (nicht referiert)
Wieviel Sturm verträgt der Euro-Rettungsschirm?,12.11.2012,Vortrag auf einer Tagung (nicht referiert)
How liberalism lost its concept of democracy.,28.09.2012,Vortrag auf einer Tagung (nicht referiert)
Postdemokratie in Österreich,28.09.2012,Vortrag auf einer Tagung (nicht referiert)
"Lenken im Hamsterrad? Politisches Handeln in Zeiten von Finanz-Spekulationen, Schuldenkrisen und allmächtigen Konzernen",25.09.2012,Vortrag auf einer Tagung (nicht referiert)
Hintergründe der Staatsschuldenkrise – wie denken die handelnden Akteure?,17.09.2012,Vortrag auf einer Tagung (nicht referiert)
Das Institut für die Gesamtanalyse der Wirtschaft,11.09.2012,Vortrag auf einer Tagung (nicht referiert)
Theoriegeschichte als (kritische) Kulturgeschichte,10.09.2012,Vortrag auf einer Tagung (nicht referiert)
Finanzmärkte und Postdemokratie,27.08.2012,Vortrag auf einer Tagung (nicht referiert)
Ratingagenturen in der neoliberalen Wirtschaft,26.04.2012,Vortrag auf einer Tagung (nicht referiert)
Krise in Europa,12.04.2012,Vortrag auf einer Tagung (nicht referiert)
Die neoliberale Oligarchie. Zum aktuellen Verhältnis von Besitz und Macht in der Demokratie,02.12.2011,Vortrag auf einer Tagung (nicht referiert)
Postdemokratie in Österreich? Am Beispiel von politischen Entscheidungsprozessen,02.12.2011,Vortrag auf einer Tagung (nicht referiert)
Veränderung von Machtverhältnissen in politischen Entscheidungsprozessen,28.10.2011,Vortrag auf einer Tagung (nicht referiert)
Gleichheit versus Vielfalt. Ein konstruierter Widerspruch?,27.10.2011,Vortrag auf einer Tagung (nicht referiert)
"Gesellschaft bei Marx und im Neoliberalismus: die Gesellschaft ""des Marktes""",14.10.2011,Vortrag auf einer Tagung (nicht referiert)
Keine Alternative. Neoliberale Positionen in den Printmedien nach dem Crash,29.09.2011,Vortrag auf einer Tagung (nicht referiert)
Reasons behind the actual cris of Euro,30.07.2011,Vortrag auf einer Tagung (nicht referiert)
"Mechanismen der Finanzmärkte, Globalisierung und Wirtschaftskrise",28.05.2011,Vortrag auf einer Tagung (nicht referiert)
Gibt es eine neoliberale Gesellschaft? Theoretische Überlegungen zur Analyse eines ambivalenten Phänomens,03.12.2010,Vortrag auf einer Tagung (nicht referiert)
"Der Begriff ""der Markt"" im Diskurs um die Wirtschaft - Die Tiefenbedeutung von ""Markt"". Ein Schlüssel zum Verständnis der neoliberal-marktradikalen Gesellschaft",22.10.2010,Vortrag auf einer Tagung (nicht referiert)
"Trash, Skandale und Ratschläge statt Aufklärung und politische Bildung. Über das Zusammenspiel von kommerzialisierten Medien und gemachter Meinung in der neoliberalen Gesellschaft",22.10.2010,Vortrag auf einer Tagung (nicht referiert)
"Wirtschaftskrise, Sparpakete und politische Optionen",22.06.2010,Vortrag auf einer Tagung (nicht referiert)
Mythos Markt. Marktradikale Propaganda und ökonomische Theorie,22.04.2010,Vortrag auf einer Tagung (nicht referiert)
Was ist Grün,13.03.2010,Vortrag auf einer Tagung (nicht referiert)
"Arbeitsmarkt der Zukunft, Zukunft der Sozialwirtschaft",25.02.2010,Vortrag auf einer Tagung (nicht referiert)
Nach der Wirtschaftskrise: was haben wir gelernt?,18.02.2010,Vortrag auf einer Tagung (nicht referiert)
Zur Transformation der ostdeutschen Agrarstrukturen 1990/1991 sowie zu ihrer neuerlichen Transformation,31.01.2018,Habilitationsvortrag
Beyond Equilibrium: Revisting Two-Sided Markets from an Agent-Based Perspective,29.09.2017,Posterpräsentation
Unternehmenslobbys drängen immer stärker in die Schulen. Expert*innen diskutierten über eine zukunftsfähige Wirtschaftsbildung,24.11.2023,Andere Vorträge und Präsentationen
Kurt Rothschild Preisverleihung 2022,23.11.2023,Andere Vorträge und Präsentationen
Beschäftigungspolitische Implikationen einer sozial-ökologischen Transformation am Beispiel der Fahrzeuglieferindustrie in OÖ,20.11.2023,Andere Vorträge und Präsentationen
"Kapitalismus und Demokratie im Wandel: Marx, Polanyi und Schumpeter im Dialog",20.11.2023,Andere Vorträge und Präsentationen
Wettbewerbsfähige Nachhaltigkeit: Eine Historisch-Materialistische Analyse der Europäischen grünen Transformation,09.05.2023,Andere Vorträge und Präsentationen
Eliten und Demokratie — zur Etablierung der funktionalistischen Elite- und Demokratieauffassung nach 1945 und die Rolle von C. J. Friedrich,02.05.2023,Andere Vorträge und Präsentationen
Exzellent prekär,22.04.2023,Andere Vorträge und Präsentationen
NUWiss vor Ort. Die lokalen Unterbauinitiativen: Unterbau Linz,22.04.2023,Andere Vorträge und Präsentationen
Catering for the interests of the richest or staunch fighters for social justice? A long-term perspective on media discourses of economic inequality in the US press,28.03.2023,Andere Vorträge und Präsentationen
Backlash or Progress? - Exploring the long-time effect of Covid-policies on the division of care work,21.03.2023,Andere Vorträge und Präsentationen
Forschung über Wissenschaft,06.02.2023,Andere Vorträge und Präsentationen
"Competitization and Quantification in academic Economics: Origins, Evolution and Implications",31.01.2023,Andere Vorträge und Präsentationen
Underdemand or undersupply of labour? Automation and employment in the Austrian automotive sector. A value chain perspective,24.01.2023,Andere Vorträge und Präsentationen
"Supply, Demand, and Preferences: Determinants of Meat Consumption in Spain: 1964 – 2019",17.01.2023,Andere Vorträge und Präsentationen
Wechselseitige Kritik ist nur möglich mit nachvollziehbarer Forschung,29.12.2022,Andere Vorträge und Präsentationen
Bane or Boon: On Technological Competitiveness and Joining the European Union,20.12.2022,Andere Vorträge und Präsentationen
"How public economists in Germany are thinking about the economy, economic policy, and economics",13.12.2022,Andere Vorträge und Präsentationen
Battle over Indicators or a battle of ideas?,06.12.2022,Andere Vorträge und Präsentationen
Don’t fear the reaper — Tax policy frames in German print media,29.11.2022,Andere Vorträge und Präsentationen
Konsequenzen der Wettbewerbsorientierung von und an Universitäten,24.11.2022,Andere Vorträge und Präsentationen
The implementation of policies for excellence in French higher education,22.11.2022,Andere Vorträge und Präsentationen
Criticizing Economics for its Lack of Realism?,15.11.2022,Andere Vorträge und Präsentationen
The Translation of Social Relations into Computer-Based Models: New Possibilities and Familiar Limitations,14.11.2022,Andere Vorträge und Präsentationen
Employment Relationships in the Age of Digitalization,08.11.2022,Andere Vorträge und Präsentationen
Netzwerke der Superreichen in Österreich,25.10.2022,Andere Vorträge und Präsentationen
European Cohesion Policy in Times of Austerity: A Regional Analysis of Germany and Portugal,18.10.2022,Andere Vorträge und Präsentationen
Wettbewerb in der Wissenschaft: Ambivalenzen und (un-)in-tendierte Folgen,28.09.2022,Andere Vorträge und Präsentationen
"Wettbewerb und Wettbewerbsfähigkeit im öffentlichen, politischen und akademischen Diskurs",28.09.2022,Andere Vorträge und Präsentationen
Opinion Dynamics under Conflicting Interests,30.06.2022,Andere Vorträge und Präsentationen
Dedicated Innovation Systems for the Transformation towards Sustainability,23.06.2022,Andere Vorträge und Präsentationen
The Performativity of Competitiveness in Academia,09.06.2022,Andere Vorträge und Präsentationen
EU-Vermögenssteuer für ein grünes und gerechtes Europa,02.06.2022,Andere Vorträge und Präsentationen
Re-Inventing Competitiveness — tracing the development of competitiveness as European governmental problem,02.06.2022,Andere Vorträge und Präsentationen
Development and Interdisciplinarity: a comment on Mitra et al. (2020),12.05.2022,Andere Vorträge und Präsentationen
"Klimakrise, klimasoziale Politik und die Rolle der Superreichen",05.05.2022,Andere Vorträge und Präsentationen
"Introducing heterogeneous consumer products into a single-country, SFC macro-ABM framework",28.04.2022,Andere Vorträge und Präsentationen
Wirtschaft als transformativer Prozess. Grundlagen und Implikationen für die Wirtschaftswissenschaften,21.04.2022,Andere Vorträge und Präsentationen
Euphemismen in der Ökonomik: Das Beispiel „Arbeitgeber“ – Herkunft und Etablierung eines Begriffs,07.04.2022,Andere Vorträge und Präsentationen
Konfliktlinien in den Wirtschaftswissenschaften und ihre Bedeutung für ‚Bildung und nachhaltige Entwicklung‘ (BNE),24.02.2022,Andere Vorträge und Präsentationen
Mit neuen Eigentumsformen durch die sozial-ökologische Transformation? Die europäische Industrie zukunftsfit machen,27.01.2022,Andere Vorträge und Präsentationen
Modern Central Banks: Navigating between 'the stars' and a state-led growth model,13.01.2022,Andere Vorträge und Präsentationen
Lobbyismus und gesamtwirtschaftliche Entwicklung – ein Literaturüberblick zu Mancur Olsons Theorie,09.12.2021,Andere Vorträge und Präsentationen
Shaping Sustainable Employment Relationships in the Age of Digitalisation: Analysing Policy Measures in an Agent-Based Framework,02.12.2021,Andere Vorträge und Präsentationen
The Emergence of Debt and Secular Stagnation in an unequal Society: A stock-flow consistent agent-based approach,18.11.2021,Andere Vorträge und Präsentationen
"„Hinter jeder erfolgreichen Frau steht ein Mann, der ihr den Rücken stärkt.“",16.10.2021,Andere Vorträge und Präsentationen
Competition in Transitional Processes: Polanyi and Schumpeter,04.06.2021,Andere Vorträge und Präsentationen
Oligopole Strukturen in der Schlachthofindustrie und ihre Herkunft,27.05.2021,Andere Vorträge und Präsentationen
Conversations for the Future of Europe,19.05.2021,Andere Vorträge und Präsentationen
Competition in Transformational Processes: Polanyi & Schumpeter,17.12.2020,Andere Vorträge und Präsentationen
"Evolutionary political economic policies in a multisector, multi-regional agent-based model of a global value chain, resource extraction and climate change",10.12.2020,Andere Vorträge und Präsentationen
Corporate Tax Competition: A meta-analysis,26.11.2020,Andere Vorträge und Präsentationen
Global Child Chain - Indische Leihmutterschaft im Kontext globaler Güterkettenforschung,19.11.2020,Andere Vorträge und Präsentationen
The Role of Public Procurement for Driving Corporate Social Innovation in Global IT Supply Chains,12.11.2020,Andere Vorträge und Präsentationen
"Minsky-Veblen Cycles: A stock-flow consistent, agent-based approach",05.11.2020,Andere Vorträge und Präsentationen
Narrative Economics: Introduction to Literary and Media Representations of the Economy,29.10.2020,Andere Vorträge und Präsentationen
Theorizing Competition: An interdisciplinary approach to the genesis of a contested concept,22.10.2020,Andere Vorträge und Präsentationen
Inequality in a zero growth economy,23.07.2020,Andere Vorträge und Präsentationen
Talking about Competition: Discursive shifts in the economic imaginary of competition,16.07.2020,Andere Vorträge und Präsentationen
Die strategische Ausrichtung der Europäischen Union,09.07.2020,Andere Vorträge und Präsentationen
Monopolies in Science Publishing: A black hole for public spending,30.06.2020,Andere Vorträge und Präsentationen
The Emergence of Core-Periphery Structures in the European Trade Network,18.06.2020,Andere Vorträge und Präsentationen
Monopolies in Science Publishing: A black hole for public spending?,14.05.2020,Andere Vorträge und Präsentationen
Zettelkasten ist nicht gleich Zettelkasten: Eine Kontrastierung  der Arbeiten von Mark Lombardi und Niklas Luhmann,23.04.2020,Andere Vorträge und Präsentationen
Theory and empirics of capability accumulation: Implications for macroeconomic modelling,13.02.2020,Andere Vorträge und Präsentationen
Diskursanalyse zu Schwarz-Blauen Arbeitsmarkt- und Sozialpolitikreformen,23.01.2020,Andere Vorträge und Präsentationen
The conflict over income in a capitalist society: A stock-flow consistent approach,09.01.2020,Andere Vorträge und Präsentationen
"Prestons Community Wealth Building-Ansatz – Eine lokale Entwick-lungsstrategie (nicht nur) für Orte, die ‚nichts zählen‘",05.12.2019,Andere Vorträge und Präsentationen
Does employment protection affect unemployment? A meta-study,21.11.2019,Andere Vorträge und Präsentationen
Towards exploring the genesis of competition in economic thought,14.11.2019,Andere Vorträge und Präsentationen
Machtstrukturen Neoliberaler Think Tanks in Österreich,30.04.2019,Andere Vorträge und Präsentationen
Solving the Hold-up-Problem: Mechanism Design vs Social Norms,27.02.2019,Andere Vorträge und Präsentationen
Warum gibt es die Staatsschuldenkrise?,11.02.2019,Andere Vorträge und Präsentationen
Menschen- und Umweltrechte in globalen Beschaffungsketten,18.01.2019,Andere Vorträge und Präsentationen
Zivilisierte Märkte,18.07.2018,Andere Vorträge und Präsentationen
Ökonomische Effekte der Verkehrsreform des Landes Tirol,04.06.2018,Andere Vorträge und Präsentationen
Verteilungsgerechtigkeit und ökonomische Ungleichheit,10.04.2018,Andere Vorträge und Präsentationen
Politik und Paradigmen in der Ökonomie in Deutschland und den USA,16.03.2018,Andere Vorträge und Präsentationen
Ernährungswende gemeinsam gestalten,06.03.2018,Andere Vorträge und Präsentationen
Wirtschaftswissenschaften und sozial-ökologische Transformation,06.11.2017,Andere Vorträge und Präsentationen
Globalization and Free Trade,29.08.2017,Andere Vorträge und Präsentationen
Wie wird gerechter Handel möglich?,09.06.2017,Andere Vorträge und Präsentationen
"Studienpräsentation ""Verankerung wohlstandsorientierter Politik""",12.12.2016,Andere Vorträge und Präsentationen
"Workshop ""Armut und soziale Ausgrenzung""",05.11.2016,Andere Vorträge und Präsentationen
Podiumsdiskussion: Was kommt nach der Krise,19.09.2016,Andere Vorträge und Präsentationen
Wirkungen ökonomischer Lehre,27.07.2016,Andere Vorträge und Präsentationen
Workshop: Think Tanks und Macht,03.06.2016,Andere Vorträge und Präsentationen
Das europäische Schattenbankensystem – Typologisierung und Bewertung regulatorischer Initiativen auf europäischer Ebene,12.05.2016,Andere Vorträge und Präsentationen
"Government policies and financial crises: On the mitigation, postponement and prevention of crisis within a Minsky-Veblen cycle",28.11.2015,Andere Vorträge und Präsentationen
Verteilungstendenzen im Kapitalismus - Nationale und globale Perspektiven,03.11.2015,Andere Vorträge und Präsentationen
Zur Finanzkrise und ihren forschungsseitigen Herausforderungen,01.07.2015,Andere Vorträge und Präsentationen
Moderation zu: Wirtschaftspolitische Herausforderungen einer starken Vermögenskonzentration,22.04.2015,Andere Vorträge und Präsentationen
Emanzipation bei Marx und seine Kritik an Proudhon.,18.10.2014,Andere Vorträge und Präsentationen
Diskussionsbeitrag zum Vortrag Modellierungskulturen in der Ökonomik: Vom Disziplinierungsinstrument zum Treiber von Theoriepluralismus?,13.12.2013,Andere Vorträge und Präsentationen
Workshop zum Schattenbankensystem,20.07.2013,Andere Vorträge und Präsentationen
Mehr Beteiligung durch direkte Demokratie?,03.12.2012,Andere Vorträge und Präsentationen
Diskussion zum Film Inside Job,12.09.2012,Andere Vorträge und Präsentationen
Das Konzept einer Gesamtanalyse der Wirtschaft,11.09.2012,Andere Vorträge und Präsentationen
"Moderation zum Vortrag ""Geld regiert die Welt! Wer regiert das Geld?"" von Prof. Dr. Margit Kennedy",07.03.2012,Andere Vorträge und Präsentationen
"Kommentar zum Vortrag ""Rebooting Is Not An Option: Toward Equitable Social and Economic Development"" von Stephanie Seguino",29.02.2012,Andere Vorträge und Präsentationen
"Moderation zu: „’Rebooting’ is not an option: Toward equitable social and economic development” von Stephanie Seguino (University of Vermont/USA), (via skype), Wissensturm Linz.",29.02.2012,Andere Vorträge und Präsentationen
Ernährungssouveränität,09.06.2011,Andere Vorträge und Präsentationen
Moderation zu: Neue Machtsysteme in der Postdemokratie,04.06.2010,Andere Vorträge und Präsentationen
